Participant,UUID,block_0 cmap,block_0 dPmt,block_1 cmap,block_1 dPmt,block_2 cmap,block_2 dPmt,block_3 cmap,block_3 dPmt
1,a073d179-b2be-474c-ae3d-67bcd1a2fedf,D,1,J,2,M,6,G,4
2,c543e2b7-71ab-4c1f-9e44-efdaa6ee4ed4,D,3,J,6,G,1,M,2
3,74884400-5dc8-4484-80b3-5b2ffe08f5da,D,3,M,4,J,1,G,2
4,80964d7a-0c3c-446c-b985-cff9ac3c7447,D,1,M,2,G,3,J,4
5,0b7b2ee3-275f-4dfc-b9b7-44feef7ab5e7,D,5,G,6,J,1,M,2
6,5e2d34a4-9655-4e89-a9d3-58a1fe94ce70,D,3,G,2,M,5,J,6
7,d271f650-f6f6-4343-829e-83fbb2b2e7e0,J,1,D,2,M,3,G,4
8,312f60b0-0277-4915-bedb-5f85e71bc586,J,5,D,6,G,2,M,1
9,4fab10b4-832f-4a50-a4be-9f59530cb913,J,3,M,4,D,5,G,2
10,1bb0ee20-34e1-4bd5-a92a-b243f2005dfd,J,1,M,6,G,3,D,4
11,cd9cf3f9-29f6-40df-baca-c3e77d71f0be,J,5,G,6,D,3,M,2
12,9a2aee2c-8603-483d-bd66-70b6f18f2808,J,3,G,4,M,5,D,6
13,cfd3daa0-df19-4714-a47b-bf8d39aa74c5,M,1,D,2,J,3,G,5
14,b1b9e7e9-39c3-4e11-b18b-003bdaea197d,M,5,D,6,G,1,J,2
15,c87fc0cb-ea62-4c15-84ad-a3b7679a4c73,M,3,J,4,D,5,G,6
16,3a90d49e-526c-4d3f-a946-63403fef97a6,M,1,J,6,G,5,D,4
17,6b43f795-f824-4222-b3ae-920f9b65c0d3,M,5,G,6,D,1,J,2
18,09212602-447b-49f0-b514-7ca1a1464dca,M,3,G,4,J,5,D,6
19,f103a640-9207-4839-a512-8188723438e3,G,1,D,2,J,3,M,4
20,47b2162e-3dc3-46da-9b04-a5530e0bfc99,G,5,D,4,M,1,J,2
21,de550cd7-699c-4223-8183-e7580d3956da,G,3,J,4,D,5,M,6
22,08320cac-6b19-4e96-86be-1c38a0032d76,G,1,J,6,M,3,D,4
23,fcf08809-e1b8-4e1c-8293-4e907cb62047,G,5,M,6,D,1,J,4
24,e33b1151-fac9-4bad-a408-084ac548a88d,G,3,M,4,J,5,D,2