StartDate,EndDate,day_1_normal,day_1_KOGD,day_2_normal,day_2_KOGD,day_3_normal,day_3_KOGD,forecaster,normal,Please copy the urls from all the products that you used. (Separated by a comma),time_normal,time_KOGD,time_overview,confidence_normal,confidence_KOGD,comments,Product,day_1_nCorr,day_1_kCorr,day_2_nCorr,day_2_Kcorr,day_3_nCorr,day_3_kCorr,day_1_nErr,day_1_kErr,day_2_nErr,day_2_kErr,day_3_nErr,day_3_kErr,
8/13/15 12:15,8/13/15 12:51,92,91,96,95,92,91,5,UTLGP,"http://mag.ncep.noaa.gov/model-guidance-model-parameter.php?group=Model%20Guidance&model=gfs&area=namer&cycle=20150813%2012%20UTC&param=500_vort_ht&fourpan=no&imageSize=M&ps=area, http://www.wetterzentrale.de/pics/MT8_Salt_Lake_City_USA_ens.png, http://models.weatherbell.com/yecmwf.php, http://models.weatherbell.com/cmc/cmc_west.php, http://www.atmos.washington.edu/mm5rt/extendedgfsinit.html, http://wxweb.meteostar.com/sample/sample.shtml?text=kslc, http://weather-server.sci.utah.edu/spaghetti/700mbTMP/16/, http://mesowest.utah.edu/cgi-bin/droman/meso_base.cgi?stn=UTLGP&unit=0&timetype=LOCAL, http://www.nws.noaa.gov/cgi-bin/mos/getall.pl?sta=KSLC, http://mesowest.utah.edu/cgi-bin/droman/meso_base.cgi?stn=KOGD&unit=0&timetype=LOCAL, http://www.nws.noaa.gov/cgi-bin/mos/getall.pl?sta=KOGD, bufkit",21,3,5,1,1,Does airport mean KOGD?  Or could it be U42?  Persistence method today for the forecast through Wednesday.,spaghetti,93,91.9,97.9,96.1,91.1,91,1,0.9,1.9,1.1,-0.9,0,
7/31/15 10:11,7/31/15 11:10,94,93,95,95,93,94,5,UTLGP,"http://mesowest.utah.edu/cgi-bin/droman/meso_base.cgi?stn=UTLGP&unit=0&timetype=LOCAL, http://mag.ncep.noaa.gov/Imageanis.php, http://models.weatherbell.com/yecmwf.php, http://www.wetterzentrale.de/pics/MT8_Salt_Lake_City_USA_ens.png, http://www.atmos.washington.edu/mm5rt/data/2015073100/extendedgfsinit.html, http://wxweb.meteostar.com/sample/sample.shtml?text=kslc, http://weather-server.sci.utah.edu/plume-test/, http://www.nws.noaa.gov/cgi-bin/mos/getall.pl?sta=KSLC, http://mesowest.utah.edu/cgi-bin/droman/meso_base.cgi?stn=KOGD&unit=0&timetype=LOCAL, http://www.nws.noaa.gov/cgi-bin/mos/getall.pl?sta=KOGD",38,2,5,1,2,"Do you want us to say that writing down numbers for forecasting for SLC as Big picture or normal forecast location?  That takes up a major of my 38 minutes today, was just writing down info.",plume,94,93,93.7,93.9,91.6,91.9,0,0,-1.3,-1.1,-1.4,-2.1,
8/3/15 12:38,8/3/15 12:46,77,78,88,85,89,70,5,UTLGP,"http://mag.ncep.noaa.gov/Imageanis.php, http://www.wetterzentrale.de/pics/MT8_Salt_Lake_City_USA_ens.png, http://models.weatherbell.com/ecmwf/yecmwf_severe.php, http://models.weatherbell.com/ecmwf/yecmwf_severe.php, http://weather-server.sci.utah.edu/mean+spread/, http://wxweb.meteostar.com/sample/sample.shtml?text=kslc, http://forecast.weather.gov/product.php?site=SLC&issuedby=SLC&product=AFD&format=CI&version=1&glossary=1, http://www.wrh.noaa.gov/slc/projects/wrf/wrf.html, http://mesowest.utah.edu/cgi-bin/droman/meso_base.cgi?stn=UTLGP&unit=0&timetype=LOCAL, http://www.nws.noaa.gov/cgi-bin/mos/getall.pl?sta=KSLC, http://mesowest.utah.edu/cgi-bin/droman/meso_base.cgi?stn=KOGD&unit=0&timetype=LOCAL, http://www.nws.noaa.gov/cgi-bin/mos/getall.pl?sta=KOGD, bufkit.",42,1,10,1,2,High and lows already happened for BTF and OGD on day 1.,SD,77.2,75.9,89.8,88,91.2,87.1,0.2,-2.1,1.8,3,2.2,17.1,
8/6/15 11:27,8/6/15 11:40,91,91,82,84,81,81,5,UTLGP,"http://mag.ncep.noaa.gov/, http://www.atmos.washington.edu/mm5rt/extendedgfsinit.html, http://wxweb.meteostar.com/sample/sample.shtml?text=kslc, http://mesowest.utah.edu/cgi-bin/droman/meso_base.cgi?stn=UTLGP&unit=0&timetype=LOCAL, http://mesowest.utah.edu/cgi-bin/droman/meso_base.cgi?stn=KOGD&unit=0&timetype=LOCAL, http://weather-server.sci.utah.edu/mean+spread/, http://www.nws.noaa.gov/cgi-bin/mos/getall.pl?sta=KSLC, bufkit",20,2,3,2,2,Ridging after this storm was why so few models were used today.,SD,87.2,86,83.7,80.1,77.9,77,-3.8,-5,1.7,-3.9,-3.1,-4,
8/7/15 10:29,8/7/15 11:16,79,77,82,80,86,84,5,UTLGP,"http://mag.ncep.noaa.gov/model-guidance-model-parameter.php?group=Model%20Guidance&model=nam-hires&area=namer&cycle=20150807%2012%20UTC&param=500_vort_ht&fourpan=no&imageSize=&ps=model, http://www.wetterzentrale.de/pics/MT8_Salt_Lake_City_USA_ens.png, http://models.weatherbell.com/yecmwf.php, http://models.weatherbell.com/ecmwf/2015080700/station/KSLC_2015080700_dx_240.png, http://models.weatherbell.com/ecmwf/2015080700/station/KSLC_2015080700_eps_precip_240.png, http://www.atmos.washington.edu/mm5rt/data/2015080700/extendedgfsinit.html, http://weather-server.sci.utah.edu/mean+spread/, http://wxweb.meteostar.com/sample/sample.shtml?text=kslc, http://www.spc.noaa.gov/exper/soundings/15080712_OBS/, http://mesowest.utah.edu/cgi-bin/droman/meso_base.cgi?stn=UTLGP&unit=0&timetype=LOCAL, http://www.nws.noaa.gov/cgi-bin/mos/getall.pl?sta=KSLC, http://mesowest.utah.edu/cgi-bin/droman/meso_base.cgi?stn=KOGD&unit=0&timetype=LOCAL, http://www.nws.noaa.gov/cgi-bin/mos/getall.pl?sta=KOGD, bufkit",20,1,13,2,3,NCEP Model guidance was using both GFS and NAM HIRES.,SD,83.7,80.1,77.9,77,85.8,84.9,4.7,3.1,-4.1,-3,-0.2,0.9,
8/10/15 8:16,8/10/15 10:19,91,89,90,88,88,87,5,UTLGP,"http://mag.ncep.noaa.gov/Imageanis.php, http://www.wetterzentrale.de/pics/MT8_Salt_Lake_City_USA_ens.png, http://models.weatherbell.com/cmc/cmc_west.php, http://models.weatherbell.com/yecmwf.php, http://weather-server.sci.utah.edu/spaghetti/700mbTMP/13/, http://www.atmos.washington.edu/mm5rt/extendedgfsinit.html, http://www.spc.noaa.gov/obswx/maps/, http://www.tropicaltidbits.com/analysis/models/?model=gem&region=nwus&pkg=mslp_pcpn&runtime=2015081000&fh=84&xpos=0&ypos=496, http://wxweb.meteostar.com/sample/sample.shtml?text=kslc, http://www.spc.noaa.gov/exper/mesoanalysis/new/viewsector.php?sector=11#, http://forecast.weather.gov/product.php?site=NWS&issuedby=SLC&product=AFD&format=CI&version=2&glossary=1, http://mesowest.utah.edu/cgi-bin/droman/meso_base.cgi?stn=UTLGP&unit=0&timetype=LOCAL, http://www.nws.noaa.gov/cgi-bin/mos/getall.pl?sta=KSLC, http://mesowest.utah.edu/cgi-bin/droman/meso_base.cgi?stn=kogd&unit=0&timetype=LOCAL.",69,1,7,3,3,"Complex forecast today, caused an exceedingly long time on the normal forecast location.  Even brought the Canadian down for the party today.",spaghetti,93.2,91,93,93,87.4,88,2.2,2,3,5,-0.6,1,
8/14/15 10:56,8/14/15 11:01,96,93,93,92,94,93,5,UTLGP,"http://mag.ncep.noaa.gov/Imageanis.php, http://www.wetterzentrale.de/pics/MT8_Salt_Lake_City_USA_ens.png, http://www.atmos.washington.edu/mm5rt/data/2015081400/extendedgfsinit.html, http://wxweb.meteostar.com/sample/sample.shtml?text=kslc, http://models.weatherbell.com/ecmwf/yecmwf_nw.php, http://mesowest.utah.edu/cgi-bin/droman/meso_base.cgi?stn=UTLGP&unit=0&timetype=LOCAL, http://www.nws.noaa.gov/cgi-bin/mos/getall.pl?sta=KSLC, http://mesowest.utah.edu/cgi-bin/droman/meso_base.cgi?stn=KOGD&unit=0&timetype=LOCAL, bufkit",23,3,5,1,1,Persistence method was used  for most of the forecast.,spaghetti,97.9,96.1,91.1,91,90.5,88,1.9,3.1,-1.9,-1,-3.5,-5,
8/17/15 11:45,8/17/15 11:55,89,88,86,85,90,89,5,UTLGP,"http://mag.ncep.noaa.gov/model-guidance-model-parameter.php?group=Model%20Guidance&model=gfs&area=namer&cycle=20150817%2012%20UTC&param=1000_500_thick&fourpan=no&imageSize=M&ps=area, http://www.wetterzentrale.de/pics/MT8_Salt_Lake_City_USA_ens.png, http://models.weatherbell.com/yecmwf.php, http://www.atmos.washington.edu/mm5rt/extendedgfsinit.html, http://wxweb.meteostar.com/sample/sample.shtml?text=kslc, http://mesowest.utah.edu/cgi-bin/droman/meso_base.cgi?stn=UTLGP&unit=0&timetype=LOCAL, http://www.nws.noaa.gov/cgi-bin/mos/getall.pl?sta=KSLC, http://air.utah.gov/currentconditions.php?id=slc, http://www.nws.noaa.gov/cgi-bin/mos/getall.pl?sta=KOGD, http://mesowest.utah.edu/cgi-bin/droman/meso_base.cgi?stn=KOGD&unit=0&timetype=LOCAL, bufkit",20,5,5,3,3,Unsure about day 2 high.,baseline,88.5,88,83.2,81,85,82.9,-0.5,0,-2.8,-4,-5,-6.1,
8/20/15 13:14,8/20/15 13:23,88,86,91,90,84,82,5,UTLGP,"http://mag.ncep.noaa.gov/model-guidance-model-area.php, http://www.atmos.washington.edu/mm5rt/extendedgfsinit.html, http://wxweb.meteostar.com/sample/sample.shtml?text=kslc,  / http://www.nws.noaa.gov/cgi-bin/mos/getmex.pl?sta=KSLC, http://mesowest.utah.edu/cgi-bin/droman/meso_base_dyn.cgi?stn=UTLGP&unit=0&timetype=LOCAL, bufkit",27,1,3,2,2,Easy forecast due to #Ruffleshaverrrriiiiiidddddgggeeesss,baseline,88.4,87.1,93.1,91.9,83.5,82,0.4,1.1,2.1,1.9,-0.5,0,
7/20/15 11:27,7/20/15 12:24,79,79,84,85,88,88,5,UTLGP,"http://mag.ncep.noaa.gov/model-guidance-model-area.php#, http://www.wetterzentrale.de/pics/MT8_Salt_Lake_City_USA_ens.png, http://models.weatherbell.com/yecmwf.php, http://www.atmos.washington.edu/mm5rt/extendedgfsinit.html, http://wxweb.meteostar.com/sample/sample.shtml?text=kslc, http://wxweb.meteostar.com/sample/sample.shtml?text=kogd, http://www.spc.noaa.gov/exper/soundings/15072012_OBS/, http://mesowest.utah.edu/cgi-bin/droman/meso_base.cgi?stn=KOGD&unit=0&time=LOCAL&product=&year1=&month1=&day1=00&hour1=00&hours=&graph=0&past=0, http://mesowest.utah.edu/cgi-bin/droman/meso_base.cgi?stn=UTLGP&unit=0&time=LOCAL&product=&year1=&month1=&day1=00&hour1=00&hours=&graph=0&past=0, http://www.nws.noaa.gov/cgi-bin/mos/getall.pl?sta=KSLC, http://www.nws.noaa.gov/cgi-bin/mos/getall.pl?sta=KOGD, http://www.meteor.iastate.edu/~ckarsten/bufkit/data/, bufkit",15,5,15,2,3,,baseline,82,81,86.2,86,86.7,84,3,2,2.2,1,-1.3,-4,
7/22/15 11:30,7/22/15 12:00,86,85,89,87,87,85,5,UTLGP,"http://mag.ncep.noaa.gov/model-guidance-model-parameter.php?group=Model%20Guidance&model=gfs&area=namer&cycle=20150722%2012%20UTC&param=500_vort_ht&fourpan=no&imageSize=M&ps=area, http://www.wetterzentrale.de/pics/MT8_Salt_Lake_City_USA_ens.png, http://models.weatherbell.com/ecmwf/yecmwf_noram.php, http://www.atmos.washington.edu/~ovens/wxloop.cgi?mm5d2_x_700t+///3, http://wxweb.meteostar.com/sample/sample.shtml?text=kslc, http://www.spc.noaa.gov/exper/soundings/15072212_OBS/, http://www.spc.noaa.gov/exper/mesoanalysis/new/viewsector.php?sector=12#, http://mesowest.utah.edu/cgi-bin/droman/meso_base.cgi?stn=UTLGP&unit=0&timetype=LOCAL, http://www.nws.noaa.gov/cgi-bin/mos/getall.pl?sta=KSLC, BUFKIT",15,5,7,1,1,Took 25 minutes on normal forecast location time.,baseline,86.7,84,87.8,87.1,89.7,88,0.7,-1,-1.2,0.1,2.7,3,
7/23/15 12:01,7/23/15 12:04,89,87,90,88,91,90,5,UTLGP,"http://www.atmos.washington.edu/mm5rt/data/2015072300/extendedgfsinit.html, http://wxweb.meteostar.com/sample/sample.shtml?text=kslc, http://mag.ncep.noaa.gov/, http://mesowest.utah.edu/cgi-bin/droman/meso_base.cgi?stn=UTLGP&unit=0&timetype=LOCAL, http://mesowest.utah.edu/cgi-bin/droman/meso_base.cgi?stn=KOGD&unit=0&timetype=LOCAL, BUFKIT",15,4,5,1,2,22 Minutes to do Local location.  Today has less links because the 3 day forecast is not very complex.,baseline,87.8,87.1,89.7,88,89.4,88,-1.2,0.1,-0.3,0,-1.6,-2,
7/27/15 11:24,7/27/15 11:56,87,82,79,78,86,85,5,UTLGP,"http://mag.ncep.noaa.gov/model-guidance-model-area.php?group=Model%20Guidance&model=nam-hires&area=namer&ps=area#, http://www.wetterzentrale.de/pics/MT8_Salt_Lake_City_USA_ens.png, http://models.weatherbell.com/ecmwf/2015072700/can/ecmwf_z500_vort_can_mouse.php, http://www.atmos.washington.edu/~ovens/wxloop.cgi?mm5d2_x_pcp3+///3, http://wxweb.meteostar.com/sample/sample.shtml?text=kslc, http://www.nws.noaa.gov/cgi-bin/mos/getall.pl?sta=KSLC, http://mesowest.utah.edu/cgi-bin/droman/meso_base.cgi?stn=UTLGP&unit=0&timetype=LOCAL, http://weather-server.sci.utah.edu/plume-test/#UTLGP, http://mesowest.utah.edu/cgi-bin/droman/meso_base.cgi?stn=KOGD&unit=0&timetype=LOCAL",17,10,5,1,1,Please fix spelling errors.,plume,87.2,82.9,77.4,75.9,86,84,0.2,0.9,-1.6,-2.1,0,-1,
7/30/15 12:58,7/30/15 13:01,91,89,93,91,95,94,5,UTLGP,"http://mag.ncep.noaa.gov/model-guidance-model-parameter.php?group=Model%20Guidance&model=nam&area=namer&cycle=20150730%2012%20UTC&param=500_vort_ht&fourpan=no&imageSize=M&ps=area,http://www.atmos.washington.edu/mm5rt/extendedgfsinit.html, http://wxweb.meteostar.com/sample/sample.shtml?text=kslc, http://www.wetterzentrale.de/pics/MT8_Salt_Lake_City_USA_ens.png, http://www.nws.noaa.gov/cgi-bin/mos/getall.pl?sta=KSLC, http://mesowest.utah.edu/cgi-bin/droman/meso_base.cgi?stn=UTLGP&unit=0&timetype=LOCAL, http://mesowest.utah.edu/cgi-bin/droman/meso_base.cgi?stn=Kogd&unit=0&timetype=LOCAL, http://weather-server.sci.utah.edu/plume-test/#UTLGP",16,3,2,1,1,Easy forecast due to massive ridge.,plume,92.6,91.9,94,93,93.7,93.9,1.6,2.9,1,2,-1.3,-0.1,
8/21/15 11:30,8/21/15 11:52,93,90,86,85,88,86,5,UTLGP,"http://mag.ncep.noaa.gov/Imageanis.php, http://www.wetterzentrale.de/pics/MT8_Salt_Lake_City_USA_ens.png, http://www.atmos.washington.edu/mm5rt/extendedgfsinit.html, http://wxweb.meteostar.com/sample/sample.shtml?text=kslc, http://www.wrh.noaa.gov/slc/projects/wrf/wrf.html, http://mesowest.utah.edu/cgi-bin/droman/meso_base.cgi?stn=UTLGP&unit=0&timetype=LOCAL, http://www.nws.noaa.gov/cgi-bin/mos/getall.pl?sta=KSLC, bufkit",26,2,4,2,3,,baseline,93.1,91.9,83.5,82,90.1,89.1,0.1,1.9,-2.5,-3,2.1,3.1,
7/20/15 13:24,7/20/15 13:33,82,80,86,85,89,87,3,KSLC,"http://mesowest.utah.edu/cgi-bin/droman/meso_base.cgi?stn=KSLC, / http://forecast.weather.gov/MapClick.php?w0=t&w1=td&w2=wc&w3=sfcwind&w3u=1&w4=sky&w5=pop&w6=rh&w7=rain&w8=thunder&w9=snow&w10=fzg&w11=sleet&AheadHour=48&FcstType=graphical&textField1=40.7608&textField2=-111.891&site=all&unit=0&dd=&bw=&BackDay.x=45&BackDay.y=3&BackDay=0, / http://www.nws.noaa.gov/cgi-bin/mos/getall.pl?sta=KSLC, / http://www.atmos.washington.edu/~ovens/wxloop.cgi?mm5d2_x_tsfc+///3, / http://www.atmos.washington.edu/~ovens/wxloop.cgi?mm5d2_x_700t+///3, / http://www.atmos.washington.edu/~ovens/wxloop.cgi?mm5d2_x_pcp3+///3, / http://www.wrh.noaa.gov/slc/projects/wrf/wrfloop6.php?model=local_ARW4G_WIND_WASFRONT&hour=00, / http://www.spc.noaa.gov/exper/soundings/15072012_OBS/ / ",15,10,15,2,2,It took me about 40 minutes to do my normal forecast and another 10 minutes to forecast for Ogden so I don't think the part where you choose how much time you spent on Big Picture and Normal Forecast Location is very reflective of how much time was spent. I think it would be easier if we just put in the number like 40 minutes or something.,baseline,82.9,81,88,86,84.9,84,0.9,1,2,1,-4.1,-3,
7/22/15 12:00,7/22/15 12:04,86,84,89,87,87,86,3,KSLC,"http://mag.ncep.noaa.gov/Imageanis.php, / http://mag.ncep.noaa.gov/model-guidance-model-parameter.php?group=Model%20Guidance&model=gfs&area=namer&cycle=20150722%2012%20UTC&param=500_vort_ht&fourpan=no&imageSize=M&ps=area, / http://mesowest.utah.edu/cgi-bin/droman/meso_base.cgi?stn=KSLC, / http://forecast.weather.gov/MapClick.php?lat=40.7608&lon=-111.891&unit=0&lg=english&FcstType=graphical, / http://www.atmos.washington.edu/~ovens/wxloop.cgi?mm5d2_x_tsfc+2015072200///3, / http://www.atmos.washington.edu/~ovens/wxloop.cgi?mm5d2_x_700t+2015072200///3, / http://www.atmos.washington.edu/~ovens/wxloop.cgi?mm5d2_x_pcp3+2015072200///3, / http://www.spc.noaa.gov/exper/soundings/15072212_OBS/, / http://air.utah.gov/forecast.php?id=slc, / http://www.wrh.noaa.gov/slc/projects/wrf/wrf.html, / http://www.wrh.noaa.gov/slc/projects/wrf/wrfloop6.php?model=local_ARW4G_WIND_WASFRONT&hour=00, / http://www.atmos.utah.edu/ute-weather/index.php, / http://www.nws.noaa.gov/cgi-bin/mos/getall.pl?sta=KSLC, / http://www.nws.noaa.gov/cgi-bin/mos/getall.pl?sta=KOGD / ",15,10,15,2,2,Overall it took me 45 minutes to do the entire forecast including the new area. It took me about 20 minutes to do the normal forecast location instead of 15.,baseline,84.9,84,89.1,87.1,91.9,88,-1.1,0,0.1,0.1,4.9,2,
7/23/15 14:09,7/23/15 14:11,89,86,90,89,91,89,3,KSLC,"http://mag.ncep.noaa.gov/Imageanis.php, / http://mag.ncep.noaa.gov/model-guidance-model-parameter.php?group=Model%20Guidance&model=gfs&area=namer&cycle=20150722%2012%20UTC&param=500_vort_ht&fourpan=no&imageSize=M&ps=area, / http://mesowest.utah.edu/cgi-bin/droman/meso_base.cgi?stn=KSLC, / http://forecast.weather.gov/MapClick.php?lat=40.7608&lon=-111.891&unit=0&lg=english&FcstType=graphical, / http://www.atmos.washington.edu/~ovens/wxloop.cgi?mm5d2_x_tsfc+2015072200///3, / http://www.atmos.washington.edu/~ovens/wxloop.cgi?mm5d2_x_700t+2015072200///3, / http://www.atmos.washington.edu/~ovens/wxloop.cgi?mm5d2_x_pcp3+2015072200///3, / http://www.spc.noaa.gov/exper/soundings/15072312_OBS/, / http://air.utah.gov/forecast.php?id=slc, / http://www.wrh.noaa.gov/slc/projects/wrf/wrf.html, / http://www.wrh.noaa.gov/slc/projects/wrf/wrfloop6.php?model=local_ARW4G_WIND_WASFRONT&hour=00, / http://www.atmos.utah.edu/ute-weather/index.php, / http://www.nws.noaa.gov/cgi-bin/mos/getall.pl?sta=KSLC, / http://www.nws.noaa.gov/cgi-bin/mos/getall.pl?sta=KOGD / ",10,10,10,1,1,,baseline,89.1,87.1,91.9,88,90,88,0.1,1.1,1.9,-1,-1,-1,
7/27/15 10:18,7/27/15 11:58,85,83,79,76,86,84,3,KSLC,"http://mag.ncep.noaa.gov/Imageanis.php, / http://mag.ncep.noaa.gov/model-guidance-model-parameter.php?group=Model%20Guidance&model=gfs&area=namer&cycle=20150722%2012%20UTC&param=500_vort_ht&fourpan=no&imageSize=M&ps=area, / http://mesowest.utah.edu/cgi-bin/droman/meso_base.cgi?stn=KSLC, / http://forecast.weather.gov/MapClick.php?lat=40.7608&lon=-111.891&unit=0&lg=english&FcstType=graphical, / http://www.atmos.washington.edu/~ovens/wxloop.cgi?mm5d2_x_tsfc+2015072200///3, / http://www.atmos.washington.edu/~ovens/wxloop.cgi?mm5d2_x_700t+2015072200///3, / http://www.atmos.washington.edu/~ovens/wxloop.cgi?mm5d2_x_pcp3+2015072200///3, / http://www.spc.noaa.gov/exper/soundings/15072712_OBS/, / http://air.utah.gov/forecast.php?id=slc, / http://www.wrh.noaa.gov/slc/projects/wrf/wrf.html, / http://www.wrh.noaa.gov/slc/projects/wrf/wrfloop6.php?model=local_ARW4G_WIND_WASFRONT&hour=00, / http://www.atmos.utah.edu/ute-weather/index.php, / http://www.nws.noaa.gov/cgi-bin/mos/getall.pl?sta=KSLC, / http://www.nws.noaa.gov/cgi-bin/mos/getall.pl?sta=KOGD, / http://weather-server.sci.utah.edu/plume-test/ / ",30,10,25,2,2,I really liked the SREF plumes that you introduced they were very helpful. I have noticed that there are a few spelling errors though so you guys may want to go through and double check those.,plume,84.9,82.9,78.1,75.9,86,84,-0.1,-0.1,-0.9,-0.1,0,0,
7/30/15 14:05,7/30/15 14:19,92,91,95,93,95,93,3,KSLC,"http://mag.ncep.noaa.gov/Imageanis.php, / http://mag.ncep.noaa.gov/model-guidance-model-parameter.php?group=Model%20Guidance&model=gfs&area=namer&cycle=20150722%2012%20UTC&param=500_vort_ht&fourpan=no&imageSize=M&ps=area, / http://mesowest.utah.edu/cgi-bin/droman/meso_base.cgi?stn=KSLC, / http://forecast.weather.gov/MapClick.php?lat=40.7608&lon=-111.891&unit=0&lg=english&FcstType=graphical, / http://www.atmos.washington.edu/~ovens/wxloop.cgi?mm5d2_x_tsfc+2015072200///3, / http://www.atmos.washington.edu/~ovens/wxloop.cgi?mm5d2_x_700t+2015072200///3, / http://www.atmos.washington.edu/~ovens/wxloop.cgi?mm5d2_x_pcp3+2015072200///3, / http://www.spc.noaa.gov/exper/soundings/15073012_OBS/, / http://air.utah.gov/forecast.php?id=slc, / http://www.wrh.noaa.gov/slc/projects/wrf/wrf.html, / http://www.wrh.noaa.gov/slc/projects/wrf/wrfloop6.php?model=local_ARW4G_WIND_WASFRONT&hour=00, / http://www.atmos.utah.edu/ute-weather/index.php, / http://www.nws.noaa.gov/cgi-bin/mos/getall.pl?sta=KSLC, / http://www.nws.noaa.gov/cgi-bin/mos/getall.pl?sta=KOGD /  / ",20,10,10,1,1,,plume,93,91.9,93.9,93,95,93.9,1,0.9,-1.1,0,0,0.9,
7/31/15 9:52,7/31/15 11:03,94,92,96,94,95,93,3,KSLC,"http://mag.ncep.noaa.gov/Imageanis.php, / http://mag.ncep.noaa.gov/model-guidance-model-parameter.php?group=Model%20Guidance&model=gfs&area=namer&cycle=20150722%2012%20UTC&param=500_vort_ht&fourpan=no&imageSize=M&ps=area, / http://mesowest.utah.edu/cgi-bin/droman/meso_base.cgi?stn=KSLC, / http://forecast.weather.gov/MapClick.php?lat=40.7608&lon=-111.891&unit=0&lg=english&FcstType=graphical, / http://www.atmos.washington.edu/~ovens/wxloop.cgi?mm5d2_x_tsfc+2015072200///3, / http://www.atmos.washington.edu/~ovens/wxloop.cgi?mm5d2_x_700t+2015072200///3, / http://www.atmos.washington.edu/~ovens/wxloop.cgi?mm5d2_x_pcp3+2015072200///3, / http://www.spc.noaa.gov/exper/soundings/15073112_OBS/, / http://air.utah.gov/forecast.php?id=slc, / http://www.wrh.noaa.gov/slc/projects/wrf/wrf.html, / http://www.wrh.noaa.gov/slc/projects/wrf/wrfloop6.php?model=local_ARW4G_WIND_WASFRONT&hour=00, / http://www.atmos.utah.edu/ute-weather/index.php, / http://www.nws.noaa.gov/cgi-bin/mos/getall.pl?sta=KSLC, / http://www.nws.noaa.gov/cgi-bin/mos/getall.pl?sta=KOGD /  / ",25,10,25,1,1,,plume,93.9,93,95,93.9,91.9,91.9,-0.1,1,-1,-0.1,-3.1,-1.1,
8/3/15 10:43,8/3/15 12:10,76,76,90,88,90,88,3,KSLC,"http://mag.ncep.noaa.gov/Imageanis.php, / http://mag.ncep.noaa.gov/model-guidance-model-parameter.php?group=Model%20Guidance&model=gfs&area=namer&cycle=20150722%2012%20UTC&param=500_vort_ht&fourpan=no&imageSize=M&ps=area, / http://mesowest.utah.edu/cgi-bin/droman/meso_base.cgi?stn=KSLC, / http://forecast.weather.gov/MapClick.php?lat=40.7608&lon=-111.891&unit=0&lg=english&FcstType=graphical, / http://www.atmos.washington.edu/~ovens/wxloop.cgi?mm5d2_x_tsfc+2015072200///3, / http://www.atmos.washington.edu/~ovens/wxloop.cgi?mm5d2_x_700t+2015072200///3, / http://www.atmos.washington.edu/~ovens/wxloop.cgi?mm5d2_x_pcp3+2015072200///3, / http://www.spc.noaa.gov/exper/soundings/15080312_OBS/, / http://air.utah.gov/forecast.php?id=slc, / http://www.wrh.noaa.gov/slc/projects/wrf/wrf.html, / http://www.wrh.noaa.gov/slc/projects/wrf/wrfloop6.php?model=local_ARW4G_WIND_WASFRONT&hour=00, / http://www.atmos.utah.edu/ute-weather/index.php, / http://www.nws.noaa.gov/cgi-bin/mos/getall.pl?sta=KSLC, / http://www.nws.noaa.gov/cgi-bin/mos/getall.pl?sta=KOGD, / http://www.spc.noaa.gov/exper/mesoanalysis/new/viewsector.php?sector=11#, / http://weather-server.sci.utah.edu/mean+spread/ / ",35,5,30,2,2,,SD,75,75.9,91,88,90,87.1,-1,-0.1,1,0,0,-0.9,
8/6/15 10:35,8/6/15 11:26,90,88,80,78,80,79,3,KSLC,"http://mag.ncep.noaa.gov/Imageanis.php, / http://mag.ncep.noaa.gov/model-guidance-model-parameter.php?group=Model%20Guidance&model=gfs&area=namer&cycle=20150722%2012%20UTC&param=500_vort_ht&fourpan=no&imageSize=M&ps=area, / http://mesowest.utah.edu/cgi-bin/droman/meso_base.cgi?stn=KSLC, / http://forecast.weather.gov/MapClick.php?lat=40.7608&lon=-111.891&unit=0&lg=english&FcstType=graphical, / http://www.atmos.washington.edu/~ovens/wxloop.cgi?mm5d2_x_tsfc+2015072200///3, / http://www.atmos.washington.edu/~ovens/wxloop.cgi?mm5d2_x_700t+2015072200///3, / http://www.atmos.washington.edu/~ovens/wxloop.cgi?mm5d2_x_pcp3+2015072200///3, / http://www.spc.noaa.gov/exper/soundings/15080612_OBS/, / http://air.utah.gov/forecast.php?id=slc, / http://www.wrh.noaa.gov/slc/projects/wrf/wrf.html, / http://www.wrh.noaa.gov/slc/projects/wrf/wrfloop6.php?model=local_ARW4G_WIND_WASFRONT&hour=00, / http://www.atmos.utah.edu/ute-weather/index.php, / http://www.nws.noaa.gov/cgi-bin/mos/getall.pl?sta=KSLC, / http://www.nws.noaa.gov/cgi-bin/mos/getall.pl?sta=KOGD, / http://www.spc.noaa.gov/exper/mesoanalysis/new/viewsector.php?sector=11#, / http://weather-server.sci.utah.edu/mean+spread/ / ",20,10,30,1,1,I was confident for today's forecast. The next few days there could be some rain so I'm slightly less confident but we'll see what happens.,SD,87.1,86,82.9,80.1,79,77,-2.9,-2,2.9,2.1,-1,-2,
8/7/15 14:36,8/7/15 15:26,80,80,81,79,87,86,3,KSLC,"http://mag.ncep.noaa.gov/Imageanis.php, / http://mag.ncep.noaa.gov/model-guidance-model-parameter.php?group=Model%20Guidance&model=gfs&area=namer&cycle=20150722%2012%20UTC&param=500_vort_ht&fourpan=no&imageSize=M&ps=area, / http://mesowest.utah.edu/cgi-bin/droman/meso_base.cgi?stn=KSLC, / http://forecast.weather.gov/MapClick.php?lat=40.7608&lon=-111.891&unit=0&lg=english&FcstType=graphical, / http://www.atmos.washington.edu/~ovens/wxloop.cgi?mm5d2_x_tsfc+2015072200///3, / http://www.atmos.washington.edu/~ovens/wxloop.cgi?mm5d2_x_700t+2015072200///3, / http://www.atmos.washington.edu/~ovens/wxloop.cgi?mm5d2_x_pcp3+2015072200///3, / http://www.spc.noaa.gov/exper/soundings/15080312_OBS/, / http://radar.weather.gov/radar.php?rid=mtx&product=N0R&overlay=11101111&loop=no, / http://air.utah.gov/forecast.php?id=slc, / http://www.wrh.noaa.gov/slc/projects/wrf/wrf.html, / http://www.wrh.noaa.gov/slc/projects/wrf/wrfloop6.php?model=local_ARW4G_WIND_WASFRONT&hour=00, / http://www.atmos.utah.edu/ute-weather/index.php, / http://www.nws.noaa.gov/cgi-bin/mos/getall.pl?sta=KSLC, / http://www.nws.noaa.gov/cgi-bin/mos/getall.pl?sta=KOGD, / http://www.spc.noaa.gov/exper/mesoanalysis/new/viewsector.php?sector=11#, / http://weather-server.sci.utah.edu/mean+spread/ / ",25,10,30,2,2,,SD,82.9,80.1,79,77,87.1,84.9,2.9,0.1,-2,-2,0.1,-1.1,
8/7/15 15:30,8/7/15 15:38,80,80,81,80,87,85,3,KSLC,"http://mag.ncep.noaa.gov/Imageanis.php, / http://mag.ncep.noaa.gov/model-guidance-model-parameter.php?group=Model%20Guidance&model=gfs&area=namer&cycle=20150722%2012%20UTC&param=500_vort_ht&fourpan=no&imageSize=M&ps=area, / http://mesowest.utah.edu/cgi-bin/droman/meso_base.cgi?stn=KSLC, / http://forecast.weather.gov/MapClick.php?lat=40.7608&lon=-111.891&unit=0&lg=english&FcstType=graphical, / http://www.atmos.washington.edu/~ovens/wxloop.cgi?mm5d2_x_tsfc+2015072200///3, / http://www.atmos.washington.edu/~ovens/wxloop.cgi?mm5d2_x_700t+2015072200///3, / http://www.atmos.washington.edu/~ovens/wxloop.cgi?mm5d2_x_pcp3+2015072200///3, / http://www.spc.noaa.gov/exper/soundings/15080312_OBS/, / http://radar.weather.gov/radar.php?rid=mtx&product=N0R&overlay=11101111&loop=no, / http://air.utah.gov/forecast.php?id=slc, / http://www.wrh.noaa.gov/slc/projects/wrf/wrf.html, / http://www.wrh.noaa.gov/slc/projects/wrf/wrfloop6.php?model=local_ARW4G_WIND_WASFRONT&hour=00, / http://www.atmos.utah.edu/ute-weather/index.php, / http://www.nws.noaa.gov/cgi-bin/mos/getall.pl?sta=KSLC, / http://www.nws.noaa.gov/cgi-bin/mos/getall.pl?sta=KOGD, / http://www.spc.noaa.gov/exper/mesoanalysis/new/viewsector.php?sector=11#, / http://weather-server.sci.utah.edu/mean+spread/ / ",25,10,30,2,2,,SD,82.9,80.1,79,77,87.1,84.9,2.9,0.1,-2,-3,0.1,-0.1,
8/10/15 10:14,8/10/15 11:38,93,91,89,87,87,84,3,KSLC,"http://mag.ncep.noaa.gov/Imageanis.php, / http://mag.ncep.noaa.gov/model-guidance-model-parameter.php?group=Model%20Guidance&model=gfs&area=namer&cycle=20150722%2012%20UTC&param=500_vort_ht&fourpan=no&imageSize=M&ps=area, / http://mesowest.utah.edu/cgi-bin/droman/meso_base.cgi?stn=KSLC, / http://forecast.weather.gov/MapClick.php?lat=40.7608&lon=-111.891&unit=0&lg=english&FcstType=graphical, / http://www.atmos.washington.edu/~ovens/wxloop.cgi?mm5d2_x_tsfc+2015072200///3, / http://www.atmos.washington.edu/~ovens/wxloop.cgi?mm5d2_x_700t+2015072200///3, / http://www.atmos.washington.edu/~ovens/wxloop.cgi?mm5d2_x_pcp3+2015072200///3, / http://www.spc.noaa.gov/exper/soundings/15081012_OBS/, / http://radar.weather.gov/radar.php?rid=mtx&product=N0R&overlay=11101111&loop=no, / http://air.utah.gov/forecast.php?id=slc, / http://www.wrh.noaa.gov/slc/projects/wrf/wrf.html, / http://www.wrh.noaa.gov/slc/projects/wrf/wrfloop6.php?model=local_ARW4G_WIND_WASFRONT&hour=00, / http://www.atmos.utah.edu/ute-weather/index.php, / http://www.nws.noaa.gov/cgi-bin/mos/getall.pl?sta=KSLC, / http://www.nws.noaa.gov/cgi-bin/mos/getall.pl?sta=KOGD, / http://www.spc.noaa.gov/exper/mesoanalysis/new/viewsector.php?sector=11#, / http://weather-server.sci.utah.edu/spaghetti/ / ",30,10,40,1,1,,spaghetti,93.9,91,93.9,93,90,88,0.9,0,4.9,6,3,4,
8/13/15 11:49,8/13/15 12:24,93,91,94,91,90,88,3,KSLC,"http://mag.ncep.noaa.gov/Imageanis.php, / http://mag.ncep.noaa.gov/model-guidance-model-parameter.php?group=Model%20Guidance&model=gfs&area=namer&cycle=20150722%2012%20UTC&param=500_vort_ht&fourpan=no&imageSize=M&ps=area, / http://mesowest.utah.edu/cgi-bin/droman/meso_base.cgi?stn=KSLC, / http://forecast.weather.gov/MapClick.php?lat=40.7608&lon=-111.891&unit=0&lg=english&FcstType=graphical, / http://www.atmos.washington.edu/~ovens/wxloop.cgi?mm5d2_x_tsfc+2015072200///3, / http://www.atmos.washington.edu/~ovens/wxloop.cgi?mm5d2_x_700t+2015072200///3, / http://www.atmos.washington.edu/~ovens/wxloop.cgi?mm5d2_x_pcp3+2015072200///3, / http://www.spc.noaa.gov/exper/soundings/15081312_OBS/, / http://radar.weather.gov/radar.php?rid=mtx&product=N0R&overlay=11101111&loop=no, / http://air.utah.gov/forecast.php?id=slc, / http://www.wrh.noaa.gov/slc/projects/wrf/wrf.html, / http://www.wrh.noaa.gov/slc/projects/wrf/wrfloop6.php?model=local_ARW4G_WIND_WASFRONT&hour=00, / http://www.atmos.utah.edu/ute-weather/index.php, / http://www.nws.noaa.gov/cgi-bin/mos/getall.pl?sta=KSLC, / http://www.nws.noaa.gov/cgi-bin/mos/getall.pl?sta=KOGD, / http://www.spc.noaa.gov/exper/mesoanalysis/new/viewsector.php?sector=11#, / http://weather-server.sci.utah.edu/spaghetti/ / ",20,10,30,1,1,,spaghetti,95,91.9,98.1,96.1,93,91,2,0.9,4.1,5.1,3,3,
8/14/15 11:08,8/14/15 11:12,97,95,92,90,90,89,3,KSLC,"http://mag.ncep.noaa.gov/Imageanis.php, / http://mag.ncep.noaa.gov/model-guidance-model-parameter.php?group=Model%20Guidance&model=gfs&area=namer&cycle=20150722%2012%20UTC&param=500_vort_ht&fourpan=no&imageSize=M&ps=area, / http://mesowest.utah.edu/cgi-bin/droman/meso_base.cgi?stn=KSLC, / http://forecast.weather.gov/MapClick.php?lat=40.7608&lon=-111.891&unit=0&lg=english&FcstType=graphical, / http://www.atmos.washington.edu/~ovens/wxloop.cgi?mm5d2_x_tsfc+2015072200///3, / http://www.atmos.washington.edu/~ovens/wxloop.cgi?mm5d2_x_700t+2015072200///3, / http://www.atmos.washington.edu/~ovens/wxloop.cgi?mm5d2_x_pcp3+2015072200///3, / http://www.spc.noaa.gov/exper/soundings/15081412_OBS/, / http://radar.weather.gov/radar.php?rid=mtx&product=N0R&overlay=11101111&loop=no, / http://air.utah.gov/forecast.php?id=slc, / http://www.wrh.noaa.gov/slc/projects/wrf/wrf.html, / http://www.wrh.noaa.gov/slc/projects/wrf/wrfloop6.php?model=local_ARW4G_WIND_WASFRONT&hour=00, / http://www.atmos.utah.edu/ute-weather/index.php, / http://www.nws.noaa.gov/cgi-bin/mos/getall.pl?sta=KSLC, / http://www.nws.noaa.gov/cgi-bin/mos/getall.pl?sta=KOGD, / http://www.spc.noaa.gov/exper/mesoanalysis/new/viewsector.php?sector=11#, / http://weather-server.sci.utah.edu/spaghetti/ / ",25,7,30,1,1,,spaghetti,98.1,96.1,93,91,90,88,1.1,1.1,1,1,0,-1,
8/17/15 11:05,8/17/15 11:34,90,88,82,80,85,82,3,KSLC,"http://mag.ncep.noaa.gov/Imageanis.php, / http://mag.ncep.noaa.gov/model-guidance-model-parameter.php?group=Model%20Guidance&model=gfs&area=namer&cycle=20150817%2012%20UTC&param=500_vort_ht&fourpan=no&imageSize=M&ps=area, / http://mesowest.utah.edu/cgi-bin/droman/meso_base.cgi?stn=KSLC, / http://forecast.weather.gov/MapClick.php?lat=40.7608&lon=-111.891&unit=0&lg=english&FcstType=graphical, / http://www.atmos.washington.edu/~ovens/wxloop.cgi?mm5d2_x_tsfc+2015081700///3, / http://www.atmos.washington.edu/~ovens/wxloop.cgi?mm5d2_x_700t+2015081700///3, / http://www.atmos.washington.edu/~ovens/wxloop.cgi?mm5d2_x_pcp3+2015081700///3, / http://www.spc.noaa.gov/exper/soundings/15081712_OBS/, / http://radar.weather.gov/radar.php?rid=mtx&product=N0R&overlay=11101111&loop=no, / http://air.utah.gov/forecast.php?id=slc, / http://www.wrh.noaa.gov/slc/projects/wrf/wrf.html, / http://www.wrh.noaa.gov/slc/projects/wrf/wrfloop6.php?model=local_ARW4G_WIND_WASFRONT&hour=00, / http://www.atmos.utah.edu/ute-weather/index.php, / http://www.nws.noaa.gov/cgi-bin/mos/getall.pl?sta=KSLC, / http://www.nws.noaa.gov/cgi-bin/mos/getall.pl?sta=KOGD, / http://www.spc.noaa.gov/exper/mesoanalysis/new/viewsector.php?sector=11#, / ",20,8,25,1,1,"I just realized that in the links I posted from last week that the dates hadn't been updated (because I put them all in a spreadsheet and would just add links or take them out when I didn't use them). So some of the dates might be off, but the product is the same. Just letting you know.",baseline,90,88,,81,,82.9,0,0,,1,,0.9,
8/21/15 10:34,8/21/15 10:37,94,91,84,81,90,88,3,KSLC,"http://mag.ncep.noaa.gov/Imageanis.php, / http://mag.ncep.noaa.gov/model-guidance-model-parameter.php?group=Model%20Guidance&model=gfs&area=namer&cycle=20150821%2012%20UTC&param=500_vort_ht&fourpan=no&imageSize=M&ps=area, / http://mesowest.utah.edu/cgi-bin/droman/meso_base.cgi?stn=KSLC, / http://forecast.weather.gov/MapClick.php?lat=40.7608&lon=-111.891&unit=0&lg=english&FcstType=graphical, / http://www.atmos.washington.edu/~ovens/wxloop.cgi?mm5d2_x_tsfc+2015082100///3, / http://www.atmos.washington.edu/~ovens/wxloop.cgi?mm5d2_x_700t+2015082100///3, / http://www.atmos.washington.edu/~ovens/wxloop.cgi?mm5d2_x_pcp3+2015082100///3, / http://www.spc.noaa.gov/exper/soundings/15082112_OBS/, / http://radar.weather.gov/radar.php?rid=mtx&product=N0R&overlay=11101111&loop=no, / http://air.utah.gov/forecast.php?id=slc, / http://www.wrh.noaa.gov/slc/projects/wrf/wrf.html, / http://www.wrh.noaa.gov/slc/projects/wrf/wrfloop6.php?model=local_ARW4G_WIND_WASFRONT&hour=00, / http://www.atmos.utah.edu/ute-weather/index.php, / http://www.nws.noaa.gov/cgi-bin/mos/getall.pl?sta=KSLC, / http://www.nws.noaa.gov/cgi-bin/mos/getall.pl?sta=KOGD, / http://www.spc.noaa.gov/exper/mesoanalysis/new/viewsector.php?sector=11#, / ",20,5,30,1,1,,baseline,,91.9,,82,,89.1,,0.9,,1,,1.1,
7/20/15 13:51,7/20/15 16:05,79,81,85,85,87,88,2,UT11,"http://mesowest.utah.edu/cgi-bin/droman/meso_base.cgi?stn=ut11, / http://mesowest.utah.edu/cgi-bin/droman/meso_base.cgi?stn=qhw, / http://www.wunderground.com/wxradio/smallplayer.html?stationid=snoker|831|268, / http://www.timecam.tv/view_cam.aspx?C=7082ACFM3174&S=hour, / http://155.97.226.135/view/viewer_index.shtml?id=3587, / http://forecast.utah.edu/pointer/real-time/cams.html, / http://www.lightningmaps.org/realtime, / http://www.wunderground.com/hurricane/?&MR=1, / http://air.utah.gov/trendcharts.php?id=slc, / http://www.spc.noaa.gov/, / http://earth.nullschool.net/#current/wind/isobaric/250hPa/orthographic=-127.87,36.41,1083, / http://earth.nullschool.net/#current/wind/isobaric/500hPa/orthographic=-127.87,36.41,1083, / http://earth.nullschool.net/#current/wind/isobaric/700hPa/orthographic=-127.87,36.41,1083, / http://www.goes.noaa.gov/dml/west/nhem/weus/vis.html, / http://www.goes.noaa.gov/dml/west/nhem/weus/rb.html, / http://www.goes.noaa.gov/dml/west/nhem/weus/ir2.html, / http://www.goes.noaa.gov/dml/west/nhem/weus/wv.html, / http://radar.weather.gov/radar.php?rid=MTX&product=NCR&overlay=11101111&loop=yes, / http://www.spc.noaa.gov/exper/mesoanalysis/new/viewsector.php?sector=12#, / http://weather.uwyo.edu/upperair/sounding.html, / http://www.wunderground.com/wundermap/, / http://www.wetterzentrale.de/pics/MT8_Salt_Lake_City_USA_ens.png, / http://mag.ncep.noaa.gov/model-guidance-model-parameter.php?group=Model%20Guidance&model=GFS&area=NAMER&ps=model, / http://www.atmos.washington.edu/mm5rt/gfsinit.html, / http://www.atmos.washington.edu/mm5rt/extendedgfsinit.html, / http://earth.nullschool.net/#current/wind/surface/level/orthographic=-111.93,41.06,3000, / http://rapidrefresh.noaa.gov/HRRR/Welcome.cgi, / http://weather.utah.edu/, / http://www.nws.noaa.gov/cgi-bin/mos/getall.pl?sta=KSLC, / http://forecast.weather.gov/MapClick.php?lat=40.57203621400049&lon=-111.86055955599971&site=all&smap=1#.Va1SI_lViko, / http://www.wunderground.com/cgi-bin/findweather/getForecast?query=Sandy%2C+UT&MR=1, / http://mesowest.utah.edu/cgi-bin/droman/meso_base.cgi?stn=kogd, / https://www.google.com/maps/place/Ogden-Hinckley+Airport/@41.1934264,-112.0014559,247747m/data=!3m1!1e3!4m2!3m1!1s0x87530fa33b88e03d:0xffb20bf9239677e7, / http://weather.weatherbug.com/UT/ogden-weather/10407/ogden-traffic.html?zcode=z6286&lat=41.174518&long=-112.010367, /  / And the program BUFKIT",15,15,15,2,2,"The total forecast took 1 hour and 20 minutes. Most of the forecasters in this office take about 1 hour to complete their normal forecasts. Since the sliders above could not represent my actual times, here they are listed below. / -Big Picture Status / Overview ~ 20 mins / -Normal Forecast Location ~ 40 mins / -Additional Forecast Location ~ 20 mins /  / Additionally, I did not do completely separate forecasts for each location. Rather, I took the data for both locations at the same time. In all, forecasting for the additional location did take about 20 mins.  /  / NOTE: A few minor typos on the page in the ""How confident were you in your forecasts?"" section.",baseline,82.3,81,86.5,86,85.8,84,3.3,0,1.5,1,-1.2,-4,
7/22/15 15:45,7/22/15 15:51,86,85,89,87,90,89,2,UT11,"http://mesowest.utah.edu/cgi-bin/droman/meso_base.cgi?stn=ut11, / http://mesowest.utah.edu/cgi-bin/droman/meso_base.cgi?stn=qhw, / http://www.wunderground.com/wxradio/smallplayer.html?stationid=snoker|831|268, / http://www.timecam.tv/view_cam.aspx?C=7082ACFM3174&S=hour, / http://155.97.226.135/view/viewer_index.shtml?id=3587, / http://forecast.utah.edu/pointer/real-time/cams.html, / http://www.lightningmaps.org/realtime, / http://www.wunderground.com/hurricane/?&MR=1, / http://air.utah.gov/trendcharts.php?id=slc, / http://www.spc.noaa.gov/, / http://earth.nullschool.net/#current/wind/isobaric/250hPa/orthographic=-127.87,36.41,1083, / http://earth.nullschool.net/#current/wind/isobaric/500hPa/orthographic=-127.87,36.41,1083, / http://earth.nullschool.net/#current/wind/isobaric/700hPa/orthographic=-127.87,36.41,1083, / http://www.goes.noaa.gov/dml/west/nhem/weus/vis.html, / http://www.goes.noaa.gov/dml/west/nhem/weus/rb.html, / http://www.goes.noaa.gov/dml/west/nhem/weus/ir2.html, / http://www.goes.noaa.gov/dml/west/nhem/weus/wv.html, / http://radar.weather.gov/radar.php?rid=MTX&product=NCR&overlay=11101111&loop=yes, / http://www.spc.noaa.gov/exper/mesoanalysis/new/viewsector.php?sector=12#, / http://weather.uwyo.edu/upperair/sounding.html, / http://www.wunderground.com/wundermap/, / http://www.wetterzentrale.de/pics/MT8_Salt_Lake_City_USA_ens.png, / http://mag.ncep.noaa.gov/model-guidance-model-parameter.php?group=Model%20Guidance&model=GFS&area=NAMER&ps=model, / http://www.atmos.washington.edu/mm5rt/gfsinit.html, / http://www.atmos.washington.edu/mm5rt/extendedgfsinit.html, / http://earth.nullschool.net/#current/wind/surface/level/orthographic=-111.93,41.06,3000, / http://rapidrefresh.noaa.gov/HRRR/Welcome.cgi, / http://weather.utah.edu/, / http://www.nws.noaa.gov/cgi-bin/mos/getall.pl?sta=KSLC, / http://forecast.weather.gov/MapClick.php?lat=40.57203621400049&lon=-111.86055955599971&site=all&smap=1#.Va1SI_lViko, / http://www.wunderground.com/cgi-bin/findweather/getForecast?query=Sandy%2C+UT&MR=1, / models.weatherbell.com/ecmwf/2015072212/slc/ecmwf_slp_precip_sls_loop.php, / models.weatherbell.com/ecmwf/2015072212/cw/ecmwf_pwat_slp_cs_loop.php, / http://mesowest.utah.edu/cgi-bin/droman/meso_base.cgi?stn=kogd, / https://www.google.com/maps/place/Ogden-Hinckley+Airport/@41.1934264,-112.0014559,247747m/data=!3m1!1e3!4m2!3m1!1s0x87530fa33b88e03d:0xffb20bf9239677e7, / http://weather.weatherbug.com/UT/ogden-weather/10407/ogden-traffic.html?zcode=z6286&lat=41.174518&long=-112.010367, /  / BUFKIT / ",15,15,11,2,2,"My forecast took 1 hour and 23 minutes, but the sliders could not fully represent this time. Here are the detailed times: / Overview-11 mins / Normal Forecast~40 mins / Extra Location~32 mins",baseline,85.8,84,91.7,87.1,92.3,88,-0.2,-1,2.7,0.1,2.3,-1,
7/23/15 15:27,7/23/15 15:32,90,86,91,88,92,90,2,UT11,"http://mesowest.utah.edu/cgi-bin/droman/meso_base.cgi?stn=ut11, / http://mesowest.utah.edu/cgi-bin/droman/meso_base.cgi?stn=qhw, / http://www.wunderground.com/wxradio/smallplayer.html?stationid=snoker|831|268, / http://www.timecam.tv/view_cam.aspx?C=7082ACFM3174&S=hour, / http://155.97.226.135/view/viewer_index.shtml?id=3587, / http://forecast.utah.edu/pointer/real-time/cams.html, / http://www.lightningmaps.org/realtime, / http://www.wunderground.com/hurricane/?&MR=1, / http://air.utah.gov/trendcharts.php?id=slc, / http://www.spc.noaa.gov/, / http://earth.nullschool.net/#current/wind/isobaric/250hPa/orthographic=-127.87,36.41,1083, / http://earth.nullschool.net/#current/wind/isobaric/500hPa/orthographic=-127.87,36.41,1083, / http://earth.nullschool.net/#current/wind/isobaric/700hPa/orthographic=-127.87,36.41,1083, / http://www.goes.noaa.gov/dml/west/nhem/weus/vis.html, / http://www.goes.noaa.gov/dml/west/nhem/weus/rb.html, / http://www.goes.noaa.gov/dml/west/nhem/weus/ir2.html, / http://www.goes.noaa.gov/dml/west/nhem/weus/wv.html, / http://radar.weather.gov/radar.php?rid=MTX&product=NCR&overlay=11101111&loop=yes, / http://www.spc.noaa.gov/exper/mesoanalysis/new/viewsector.php?sector=12#, / http://weather.uwyo.edu/upperair/sounding.html, / http://www.wunderground.com/wundermap/, / http://www.wetterzentrale.de/pics/MT8_Salt_Lake_City_USA_ens.png, / http://mag.ncep.noaa.gov/model-guidance-model-parameter.php?group=Model%20Guidance&model=GFS&area=NAMER&ps=model, / http://www.atmos.washington.edu/mm5rt/gfsinit.html, / http://www.atmos.washington.edu/mm5rt/extendedgfsinit.html, / http://earth.nullschool.net/#current/wind/surface/level/orthographic=-111.93,41.06,3000, / http://rapidrefresh.noaa.gov/HRRR/Welcome.cgi, / http://weather.utah.edu/, / http://www.nws.noaa.gov/cgi-bin/mos/getall.pl?sta=KSLC, / http://forecast.weather.gov/MapClick.php?lat=40.57203621400049&lon=-111.86055955599971&site=all&smap=1#.Va1SI_lViko, / http://www.wunderground.com/cgi-bin/findweather/getForecast?query=Sandy%2C+UT&MR=1, / models.weatherbell.com/ecmwf/2015072212/slc/ecmwf_slp_precip_sls_loop.php, / models.weatherbell.com/ecmwf/2015072212/cw/ecmwf_pwat_slp_cs_loop.php, / http://mesowest.utah.edu/cgi-bin/droman/meso_base.cgi?stn=kogd, / http://weatherbear.com/ /  / BUFKIT",15,15,9,2,2,Sliders didn't have enough time. My total forecast took 1 hour and 10 mins. / Overview-9 / Normal Location-41 / Additional Location-20,baseline,91.7,87.1,92.3,88,91,88,1.7,1.1,1.3,0,-1,-2,
7/27/15 13:58,7/27/15 15:43,85,83,79,78,86,85,2,UT11,"http://mesowest.utah.edu/cgi-bin/droman/meso_base.cgi?stn=ut11, / http://mesowest.utah.edu/cgi-bin/droman/meso_base.cgi?stn=qhw, / http://www.wunderground.com/wxradio/smallplayer.html?stationid=snoker|831|268, / http://www.timecam.tv/view_cam.aspx?C=7082ACFM3174&S=hour, / http://155.97.226.135/view/viewer_index.shtml?id=3587, / http://forecast.utah.edu/pointer/real-time/cams.html, / http://www.lightningmaps.org/realtime, / http://www.wunderground.com/hurricane/?&MR=1, / http://air.utah.gov/trendcharts.php?id=slc, / http://www.spc.noaa.gov/, / http://earth.nullschool.net/#current/wind/isobaric/250hPa/orthographic=-127.87,36.41,1083, / http://earth.nullschool.net/#current/wind/isobaric/500hPa/orthographic=-127.87,36.41,1083, / http://earth.nullschool.net/#current/wind/isobaric/700hPa/orthographic=-127.87,36.41,1083, / http://www.goes.noaa.gov/dml/west/nhem/weus/vis.html, / http://www.goes.noaa.gov/dml/west/nhem/weus/rb.html, / http://www.goes.noaa.gov/dml/west/nhem/weus/ir2.html, / http://www.goes.noaa.gov/dml/west/nhem/weus/wv.html, / http://radar.weather.gov/radar.php?rid=MTX&product=NCR&overlay=11101111&loop=yes, / http://www.spc.noaa.gov/exper/mesoanalysis/new/viewsector.php?sector=12#, / http://weather.uwyo.edu/upperair/sounding.html, / http://www.wunderground.com/wundermap/, / http://www.wetterzentrale.de/pics/MT8_Salt_Lake_City_USA_ens.png, / http://mag.ncep.noaa.gov/model-guidance-model-parameter.php?group=Model%20Guidance&model=GFS&area=NAMER&ps=model, / http://www.atmos.washington.edu/mm5rt/gfsinit.html, / http://www.atmos.washington.edu/mm5rt/extendedgfsinit.html, / http://earth.nullschool.net/#current/wind/surface/level/orthographic=-111.93,41.06,3000, / http://rapidrefresh.noaa.gov/HRRR/Welcome.cgi, / http://weather.utah.edu/, / http://www.nws.noaa.gov/cgi-bin/mos/getall.pl?sta=KSLC, / http://forecast.weather.gov/MapClick.php?lat=40.57203621400049&lon=-111.86055955599971&site=all&smap=1#.Va1SI_lViko, / http://www.wunderground.com/cgi-bin/findweather/getForecast?query=Sandy%2C+UT&MR=1, / models.weatherbell.com/ecmwf/2015072212/slc/ecmwf_slp_precip_sls_loop.php, / http://mesowest.utah.edu/cgi-bin/droman/meso_base.cgi?stn=kogd, / http://weatherbear.com/, / http://www.nws.noaa.gov/cgi-bin/mos/getall.pl?sta=KOGD, / http://forecast.weather.gov/MapClick.php?lat=41.19632880300048&lon=-112.0116066489997&site=all&smap=1#.Vbak5LNViko, / http://www.wunderground.com/cgi-bin/findweather/getForecast?query=KOGD, /  / BUFKIT",48,20,16,2,2,Thanks for adjusting the sliders! ,plume,84.6,82.9,76.4,75.9,85.3,84,-0.4,-0.1,-2.6,-2.1,-0.7,-1,
7/28/15 13:48,7/30/15 15:30,91,91,94,93,96,95,2,UT11,"http://mesowest.utah.edu/cgi-bin/droman/meso_base.cgi?stn=ut11, / http://mesowest.utah.edu/cgi-bin/droman/meso_base.cgi?stn=qhw, / http://www.wunderground.com/wxradio/smallplayer.html?stationid=snoker|831|268, / http://www.timecam.tv/view_cam.aspx?C=7082ACFM3174&S=hour, / http://155.97.226.135/view/viewer_index.shtml?id=3587, / http://forecast.utah.edu/pointer/real-time/cams.html, / http://www.lightningmaps.org/realtime, / http://www.wunderground.com/hurricane/?&MR=1, / http://air.utah.gov/trendcharts.php?id=slc, / http://www.spc.noaa.gov/, / http://earth.nullschool.net/#current/wind/isobaric/250hPa/orthographic=-127.87,36.41,1083, / http://earth.nullschool.net/#current/wind/isobaric/500hPa/orthographic=-127.87,36.41,1083, / http://earth.nullschool.net/#current/wind/isobaric/700hPa/orthographic=-127.87,36.41,1083, / http://www.goes.noaa.gov/dml/west/nhem/weus/vis.html, / http://www.goes.noaa.gov/dml/west/nhem/weus/rb.html, / http://www.goes.noaa.gov/dml/west/nhem/weus/ir2.html, / http://www.goes.noaa.gov/dml/west/nhem/weus/wv.html, / http://radar.weather.gov/radar.php?rid=MTX&product=NCR&overlay=11101111&loop=yes, / http://www.spc.noaa.gov/exper/mesoanalysis/new/viewsector.php?sector=12#, / http://weather.uwyo.edu/upperair/sounding.html, / http://www.wunderground.com/wundermap/, / http://www.wetterzentrale.de/pics/MT8_Salt_Lake_City_USA_ens.png, / http://mag.ncep.noaa.gov/model-guidance-model-parameter.php?group=Model%20Guidance&model=GFS&area=NAMER&ps=model, / http://www.atmos.washington.edu/mm5rt/gfsinit.html, / http://www.atmos.washington.edu/mm5rt/extendedgfsinit.html, / http://earth.nullschool.net/#current/wind/surface/level/orthographic=-111.93,41.06,3000, / http://rapidrefresh.noaa.gov/HRRR/Welcome.cgi, / http://weather.utah.edu/, / http://www.nws.noaa.gov/cgi-bin/mos/getall.pl?sta=KSLC, / http://forecast.weather.gov/MapClick.php?lat=40.57203621400049&lon=-111.86055955599971&site=all&smap=1#.Va1SI_lViko, / http://www.wunderground.com/cgi-bin/findweather/getForecast?query=Sandy%2C+UT&MR=1, / models.weatherbell.com/ecmwf/2015072212/slc/ecmwf_slp_precip_sls_loop.php, / models.weatherbell.com/ecmwf/2015072212/cw/ecmwf_pwat_slp_cs_loop.php, / http://mesowest.utah.edu/cgi-bin/droman/meso_base.cgi?stn=kogd, / http://weatherbear.com/, / http://www.nws.noaa.gov/cgi-bin/mos/getall.pl?sta=KOGD, / http://forecast.weather.gov/MapClick.php?lat=41.19632880300048&lon=-112.0116066489997&site=all&smap=1#.Vbak5LNViko, / http://www.wunderground.com/cgi-bin/findweather/getForecast?query=KOGD, / BUFKIT /  / GIVEN SREF PLUMES",53,20,10,2,2,,plume,76.4,75.9,85.3,84,92.1,91.9,-14.6,-15.1,-8.7,-9,-3.9,-3.1,
7/31/15 15:15,7/31/15 16:52,93,93,95,95,93,92,2,UT11,"http://mesowest.utah.edu/cgi-bin/droman/meso_base.cgi?stn=ut11, / http://mesowest.utah.edu/cgi-bin/droman/meso_base.cgi?stn=qhw, / http://www.wunderground.com/wxradio/smallplayer.html?stationid=snoker|831|268, / http://www.timecam.tv/view_cam.aspx?C=7082ACFM3174&S=hour, / http://155.97.226.135/view/viewer_index.shtml?id=3587, / http://forecast.utah.edu/pointer/real-time/cams.html, / http://www.lightningmaps.org/realtime, / http://www.wunderground.com/hurricane/?&MR=1, / http://air.utah.gov/trendcharts.php?id=slc, / http://www.spc.noaa.gov/, / http://earth.nullschool.net/#current/wind/isobaric/250hPa/orthographic=-127.87,36.41,1083, / http://earth.nullschool.net/#current/wind/isobaric/500hPa/orthographic=-127.87,36.41,1083, / http://earth.nullschool.net/#current/wind/isobaric/700hPa/orthographic=-127.87,36.41,1083, / http://www.goes.noaa.gov/dml/west/nhem/weus/vis.html, / http://www.goes.noaa.gov/dml/west/nhem/weus/rb.html, / http://www.goes.noaa.gov/dml/west/nhem/weus/ir2.html, / http://www.goes.noaa.gov/dml/west/nhem/weus/wv.html, / http://radar.weather.gov/radar.php?rid=MTX&product=NCR&overlay=11101111&loop=yes, / http://www.spc.noaa.gov/exper/mesoanalysis/new/viewsector.php?sector=12#, / http://weather.uwyo.edu/upperair/sounding.html, / http://www.wunderground.com/wundermap/, / http://www.wetterzentrale.de/pics/MT8_Salt_Lake_City_USA_ens.png, / http://mag.ncep.noaa.gov/model-guidance-model-parameter.php?group=Model%20Guidance&model=GFS&area=NAMER&ps=model, / http://www.atmos.washington.edu/mm5rt/gfsinit.html, / http://www.atmos.washington.edu/mm5rt/extendedgfsinit.html, / http://earth.nullschool.net/#current/wind/surface/level/orthographic=-111.93,41.06,3000, / http://rapidrefresh.noaa.gov/HRRR/Welcome.cgi, / http://weather.utah.edu/, / http://www.nws.noaa.gov/cgi-bin/mos/getall.pl?sta=KSLC, / http://forecast.weather.gov/MapClick.php?lat=40.57203621400049&lon=-111.86055955599971&site=all&smap=1#.Va1SI_lViko, / http://www.wunderground.com/cgi-bin/findweather/getForecast?query=Sandy%2C+UT&MR=1, / http://mesowest.utah.edu/cgi-bin/droman/meso_base.cgi?stn=kogd, / http://weatherbear.com/, / http://www.nws.noaa.gov/cgi-bin/mos/getall.pl?sta=KOGD, / http://forecast.weather.gov/MapClick.php?lat=41.19632880300048&lon=-112.0116066489997&site=all&smap=1#.Vbak5LNViko, / http://www.wunderground.com/cgi-bin/findweather/getForecast?query=KOGD, / BUFKIT",55,10,7,2,2,,plume,92.6,93,95.6,93.9,94.3,91.9,-0.4,0,0.6,-1.1,1.3,-0.1,
8/3/15 13:31,8/3/15 15:26,75,76,89,89,91,90,2,UT11,"http://mesowest.utah.edu/cgi-bin/droman/meso_base.cgi?stn=ut11, / http://mesowest.utah.edu/cgi-bin/droman/meso_base.cgi?stn=qhw, / http://www.wunderground.com/wxradio/smallplayer.html?stationid=snoker|831|268, / http://www.timecam.tv/view_cam.aspx?C=7082ACFM3174&S=hour, / http://155.97.226.135/view/viewer_index.shtml?id=3587, / http://forecast.utah.edu/pointer/real-time/cams.html, / http://www.lightningmaps.org/realtime, / http://www.wunderground.com/hurricane/?&MR=1, / http://air.utah.gov/trendcharts.php?id=slc, / http://www.spc.noaa.gov/, / http://earth.nullschool.net/#current/wind/isobaric/250hPa/orthographic=-127.87,36.41,1083, / http://earth.nullschool.net/#current/wind/isobaric/500hPa/orthographic=-127.87,36.41,1083, / http://earth.nullschool.net/#current/wind/isobaric/700hPa/orthographic=-127.87,36.41,1083, / http://www.goes.noaa.gov/dml/west/nhem/weus/vis.html, / http://www.goes.noaa.gov/dml/west/nhem/weus/rb.html, / http://www.goes.noaa.gov/dml/west/nhem/weus/ir2.html, / http://www.goes.noaa.gov/dml/west/nhem/weus/wv.html, / http://radar.weather.gov/radar.php?rid=MTX&product=NCR&overlay=11101111&loop=yes, / http://www.spc.noaa.gov/exper/mesoanalysis/new/viewsector.php?sector=12#, / http://weather.uwyo.edu/upperair/sounding.html, / http://www.wunderground.com/wundermap/, / http://www.wetterzentrale.de/pics/MT8_Salt_Lake_City_USA_ens.png, / http://mag.ncep.noaa.gov/model-guidance-model-parameter.php?group=Model%20Guidance&model=GFS&area=NAMER&ps=model, / http://www.atmos.washington.edu/mm5rt/gfsinit.html, / http://www.atmos.washington.edu/mm5rt/extendedgfsinit.html, / http://earth.nullschool.net/#current/wind/surface/level/orthographic=-111.93,41.06,3000, / http://rapidrefresh.noaa.gov/HRRR/Welcome.cgi, / http://weather.utah.edu/, / http://www.nws.noaa.gov/cgi-bin/mos/getall.pl?sta=KSLC, / http://forecast.weather.gov/MapClick.php?lat=40.57203621400049&lon=-111.86055955599971&site=all&smap=1#.Va1SI_lViko, / http://www.wunderground.com/cgi-bin/findweather/getForecast?query=Sandy%2C+UT&MR=1, / http://mesowest.utah.edu/cgi-bin/droman/meso_base.cgi?stn=kogd, / http://weatherbear.com/, / http://www.nws.noaa.gov/cgi-bin/mos/getall.pl?sta=KOGD, / http://forecast.weather.gov/MapClick.php?lat=41.19632880300048&lon=-112.0116066489997&site=all&smap=1#.Vbak5LNViko, / http://www.wunderground.com/cgi-bin/findweather/getForecast?query=KOGD, / BUFKIT",60,20,12,2,2,,SD,74.5,75.9,91.5,88,90.4,87.1,-0.5,-0.1,2.5,-1,-0.6,-2.9,
8/6/15 11:32,8/6/15 13:15,87,86,80,78,80,80,2,UT11,"http://mesowest.utah.edu/cgi-bin/droman/meso_base.cgi?stn=ut11, / http://mesowest.utah.edu/cgi-bin/droman/meso_base.cgi?stn=qhw, / http://www.wunderground.com/wxradio/smallplayer.html?stationid=snoker|831|268, / http://www.timecam.tv/view_cam.aspx?C=7082ACFM3174&S=hour, / http://155.97.226.135/view/viewer_index.shtml?id=3587, / http://forecast.utah.edu/pointer/real-time/cams.html, / http://www.lightningmaps.org/realtime, / http://www.wunderground.com/hurricane/?&MR=1, / http://air.utah.gov/trendcharts.php?id=slc, / http://www.spc.noaa.gov/, / http://earth.nullschool.net/#current/wind/isobaric/250hPa/orthographic=-127.87,36.41,1083, / http://earth.nullschool.net/#current/wind/isobaric/500hPa/orthographic=-127.87,36.41,1083, / http://earth.nullschool.net/#current/wind/isobaric/700hPa/orthographic=-127.87,36.41,1083, / http://www.goes.noaa.gov/dml/west/nhem/weus/vis.html, / http://www.goes.noaa.gov/dml/west/nhem/weus/rb.html, / http://www.goes.noaa.gov/dml/west/nhem/weus/ir2.html, / http://www.goes.noaa.gov/dml/west/nhem/weus/wv.html, / http://radar.weather.gov/radar.php?rid=MTX&product=NCR&overlay=11101111&loop=yes, / http://www.spc.noaa.gov/exper/mesoanalysis/new/viewsector.php?sector=12#, / http://weather.uwyo.edu/upperair/sounding.html, / http://www.wunderground.com/wundermap/, / http://www.wetterzentrale.de/pics/MT8_Salt_Lake_City_USA_ens.png, / http://mag.ncep.noaa.gov/model-guidance-model-parameter.php?group=Model%20Guidance&model=GFS&area=NAMER&ps=model, / http://www.atmos.washington.edu/mm5rt/gfsinit.html, / http://www.atmos.washington.edu/mm5rt/extendedgfsinit.html, / http://earth.nullschool.net/#current/wind/surface/level/orthographic=-111.93,41.06,3000, / http://rapidrefresh.noaa.gov/HRRR/Welcome.cgi, / http://weather.utah.edu/, / http://www.nws.noaa.gov/cgi-bin/mos/getall.pl?sta=KSLC, / http://forecast.weather.gov/MapClick.php?lat=40.57203621400049&lon=-111.86055955599971&site=all&smap=1#.Va1SI_lViko, / http://www.wunderground.com/cgi-bin/findweather/getForecast?query=Sandy%2C+UT&MR=1, / http://mesowest.utah.edu/cgi-bin/droman/meso_base.cgi?stn=kogd, / http://weatherbear.com/, / http://www.nws.noaa.gov/cgi-bin/mos/getall.pl?sta=KOGD, / http://forecast.weather.gov/MapClick.php?lat=41.19632880300048&lon=-112.0116066489997&site=all&smap=1#.Vbak5LNViko, / http://www.wunderground.com/cgi-bin/findweather/getForecast?query=KOGD, / BUFKIT",45,15,12,2,2,,SD,90.8,86,81.7,80.1,79.7,77,3.8,0,1.7,2.1,-0.3,-3,
8/7/15 15:34,8/7/15 15:39,80,80,81,80,87,86,2,UT11,"http://mesowest.utah.edu/cgi-bin/droman/meso_base.cgi?stn=ut11, / http://mesowest.utah.edu/cgi-bin/droman/meso_base.cgi?stn=qhw, / http://www.wunderground.com/wxradio/smallplayer.html?stationid=snoker|831|268, / http://www.timecam.tv/view_cam.aspx?C=7082ACFM3174&S=hour, / http://155.97.226.135/view/viewer_index.shtml?id=3587, / http://forecast.utah.edu/pointer/real-time/cams.html, / http://www.lightningmaps.org/realtime, / http://www.wunderground.com/hurricane/?&MR=1, / http://air.utah.gov/trendcharts.php?id=slc, / http://www.spc.noaa.gov/, / http://earth.nullschool.net/#current/wind/isobaric/250hPa/orthographic=-127.87,36.41,1083, / http://earth.nullschool.net/#current/wind/isobaric/500hPa/orthographic=-127.87,36.41,1083, / http://earth.nullschool.net/#current/wind/isobaric/700hPa/orthographic=-127.87,36.41,1083, / http://www.goes.noaa.gov/dml/west/nhem/weus/vis.html, / http://www.goes.noaa.gov/dml/west/nhem/weus/rb.html, / http://www.goes.noaa.gov/dml/west/nhem/weus/ir2.html, / http://www.goes.noaa.gov/dml/west/nhem/weus/wv.html, / http://radar.weather.gov/radar.php?rid=MTX&product=NCR&overlay=11101111&loop=yes, / http://www.spc.noaa.gov/exper/mesoanalysis/new/viewsector.php?sector=12#, / http://weather.uwyo.edu/upperair/sounding.html, / http://www.wunderground.com/wundermap/, / http://www.wetterzentrale.de/pics/MT8_Salt_Lake_City_USA_ens.png, / http://mag.ncep.noaa.gov/model-guidance-model-parameter.php?group=Model%20Guidance&model=GFS&area=NAMER&ps=model, / http://www.atmos.washington.edu/mm5rt/gfsinit.html, / http://www.atmos.washington.edu/mm5rt/extendedgfsinit.html, / http://earth.nullschool.net/#current/wind/surface/level/orthographic=-111.93,41.06,3000, / http://rapidrefresh.noaa.gov/HRRR/Welcome.cgi, / http://weather.utah.edu/, / http://www.nws.noaa.gov/cgi-bin/mos/getall.pl?sta=KSLC, / http://forecast.weather.gov/MapClick.php?lat=40.57203621400049&lon=-111.86055955599971&site=all&smap=1#.Va1SI_lViko, / http://www.wunderground.com/cgi-bin/findweather/getForecast?query=Sandy%2C+UT&MR=1, / http://mesowest.utah.edu/cgi-bin/droman/meso_base.cgi?stn=kogd, / http://weatherbear.com/, / http://www.nws.noaa.gov/cgi-bin/mos/getall.pl?sta=KOGD, / http://forecast.weather.gov/MapClick.php?lat=41.19632880300048&lon=-112.0116066489997&site=all&smap=1#.Vbak5LNViko, / http://www.wunderground.com/cgi-bin/findweather/getForecast?query=KOGD, / BUFKIT",47,16,11,2,2,Trying to access the end of the week survey that I did not receive last Friday. Sorry for the doubled information.,SD,81.7,80.1,79.7,77,86.7,84.9,1.7,0.1,-1.3,-3,-0.3,-1.1,
8/10/15 11:00,8/10/15 12:21,93,90,89,90,86,87,2,UT11,"http://mesowest.utah.edu/cgi-bin/droman/meso_base.cgi?stn=ut11, / http://mesowest.utah.edu/cgi-bin/droman/meso_base.cgi?stn=qhw, / http://www.wunderground.com/wxradio/smallplayer.html?stationid=snoker|831|268, / http://www.timecam.tv/view_cam.aspx?C=7082ACFM3174&S=hour, / http://155.97.226.135/view/viewer_index.shtml?id=3587, / http://forecast.utah.edu/pointer/real-time/cams.html, / http://www.lightningmaps.org/realtime, / http://www.wunderground.com/hurricane/?&MR=1, / http://air.utah.gov/trendcharts.php?id=slc, / http://www.spc.noaa.gov/, / http://earth.nullschool.net/#current/wind/isobaric/250hPa/orthographic=-127.87,36.41,1083, / http://earth.nullschool.net/#current/wind/isobaric/500hPa/orthographic=-127.87,36.41,1083, / http://earth.nullschool.net/#current/wind/isobaric/700hPa/orthographic=-127.87,36.41,1083, / http://www.goes.noaa.gov/dml/west/nhem/weus/vis.html, / http://www.goes.noaa.gov/dml/west/nhem/weus/rb.html, / http://www.goes.noaa.gov/dml/west/nhem/weus/ir2.html, / http://www.goes.noaa.gov/dml/west/nhem/weus/wv.html, / http://radar.weather.gov/radar.php?rid=MTX&product=NCR&overlay=11101111&loop=yes, / http://www.spc.noaa.gov/exper/mesoanalysis/new/viewsector.php?sector=12#, / http://weather.uwyo.edu/upperair/sounding.html, / http://www.wunderground.com/wundermap/, / http://www.wetterzentrale.de/pics/MT8_Salt_Lake_City_USA_ens.png, / http://mag.ncep.noaa.gov/model-guidance-model-parameter.php?group=Model%20Guidance&model=GFS&area=NAMER&ps=model, / http://www.atmos.washington.edu/mm5rt/gfsinit.html, / http://www.atmos.washington.edu/mm5rt/extendedgfsinit.html, / http://earth.nullschool.net/#current/wind/surface/level/orthographic=-111.93,41.06,3000, / http://rapidrefresh.noaa.gov/HRRR/Welcome.cgi, / http://weather.utah.edu/, / http://www.nws.noaa.gov/cgi-bin/mos/getall.pl?sta=KSLC, / http://forecast.weather.gov/MapClick.php?lat=40.57203621400049&lon=-111.86055955599971&site=all&smap=1#.Va1SI_lViko, / http://www.wunderground.com/cgi-bin/findweather/getForecast?query=Sandy%2C+UT&MR=1, / http://mesowest.utah.edu/cgi-bin/droman/meso_base.cgi?stn=kogd, / http://weatherbear.com/, / http://www.nws.noaa.gov/cgi-bin/mos/getall.pl?sta=KOGD, / http://forecast.weather.gov/MapClick.php?lat=41.19632880300048&lon=-112.0116066489997&site=all&smap=1#.Vbak5LNViko, / http://www.wunderground.com/cgi-bin/findweather/getForecast?query=KOGD, / BUFKIT",44,13,6,2,2,,spaghetti,93.6,91,94.4,93,89,88,0.6,1,5.4,3,3,1,
8/14/15 10:35,8/14/15 12:00,96,95,94,90,91,90,2,UT11,"http://mesowest.utah.edu/cgi-bin/droman/meso_base.cgi?stn=ut11, / http://mesowest.utah.edu/cgi-bin/droman/meso_base.cgi?stn=qhw, / http://www.wunderground.com/wxradio/smallplayer.html?stationid=snoker|831|268, / http://www.timecam.tv/view_cam.aspx?C=7082ACFM3174&S=hour, / http://155.97.226.135/view/viewer_index.shtml?id=3587, / http://forecast.utah.edu/pointer/real-time/cams.html, / http://www.lightningmaps.org/realtime, / http://www.wunderground.com/hurricane/?&MR=1, / http://air.utah.gov/trendcharts.php?id=slc, / http://www.spc.noaa.gov/, / http://earth.nullschool.net/#current/wind/isobaric/250hPa/orthographic=-127.87,36.41,1083, / http://earth.nullschool.net/#current/wind/isobaric/500hPa/orthographic=-127.87,36.41,1083, / http://earth.nullschool.net/#current/wind/isobaric/700hPa/orthographic=-127.87,36.41,1083, / http://www.goes.noaa.gov/dml/west/nhem/weus/vis.html, / http://www.goes.noaa.gov/dml/west/nhem/weus/rb.html, / http://www.goes.noaa.gov/dml/west/nhem/weus/ir2.html, / http://www.goes.noaa.gov/dml/west/nhem/weus/wv.html, / http://radar.weather.gov/radar.php?rid=MTX&product=NCR&overlay=11101111&loop=yes, / http://www.spc.noaa.gov/exper/mesoanalysis/new/viewsector.php?sector=12#, / http://weather.uwyo.edu/upperair/sounding.html, / http://www.wunderground.com/wundermap/, / http://www.wetterzentrale.de/pics/MT8_Salt_Lake_City_USA_ens.png, / http://mag.ncep.noaa.gov/model-guidance-model-parameter.php?group=Model%20Guidance&model=GFS&area=NAMER&ps=model, / http://www.atmos.washington.edu/mm5rt/gfsinit.html, / http://www.atmos.washington.edu/mm5rt/extendedgfsinit.html, / http://earth.nullschool.net/#current/wind/surface/level/orthographic=-111.93,41.06,3000, / http://rapidrefresh.noaa.gov/HRRR/Welcome.cgi, / http://weather.utah.edu/, / http://www.nws.noaa.gov/cgi-bin/mos/getall.pl?sta=KSLC, / http://forecast.weather.gov/MapClick.php?lat=40.57203621400049&lon=-111.86055955599971&site=all&smap=1#.Va1SI_lViko, / http://www.wunderground.com/cgi-bin/findweather/getForecast?query=Sandy%2C+UT&MR=1, / http://mesowest.utah.edu/cgi-bin/droman/meso_base.cgi?stn=kogd, / http://weatherbear.com/, / http://www.nws.noaa.gov/cgi-bin/mos/getall.pl?sta=KOGD, / http://forecast.weather.gov/MapClick.php?lat=41.19632880300048&lon=-112.0116066489997&site=all&smap=1#.Vbak5LNViko, / http://www.wunderground.com/cgi-bin/findweather/getForecast?query=KOGD, / BUFKIT",41,21,7,2,2,I'm very sorry I missed my forecast yesterday. I was driving from SLC to Oregon and never found the time to do it. I will do my best to never miss another study.,spaghetti,96.5,96.1,92.5,91,88.5,88,0.5,1.1,-1.5,1,-2.5,-2,
8/20/15 11:35,8/20/15 12:00,90,87,94,92,86,84,2,UT11,"http://mesowest.utah.edu/cgi-bin/droman/meso_base.cgi?stn=ut11, / http://mesowest.utah.edu/cgi-bin/droman/meso_base.cgi?stn=qhw, / http://www.wunderground.com/wxradio/smallplayer.html?stationid=snoker|831|268, / http://www.timecam.tv/view_cam.aspx?C=7082ACFM3174&S=hour, / http://155.97.226.135/view/viewer_index.shtml?id=3587, / http://forecast.utah.edu/pointer/real-time/cams.html, / http://www.lightningmaps.org/realtime, / http://www.wunderground.com/hurricane/?&MR=1, / http://air.utah.gov/trendcharts.php?id=slc, / http://www.spc.noaa.gov/, / http://earth.nullschool.net/#current/wind/isobaric/250hPa/orthographic=-127.87,36.41,1083, / http://earth.nullschool.net/#current/wind/isobaric/500hPa/orthographic=-127.87,36.41,1083, / http://earth.nullschool.net/#current/wind/isobaric/700hPa/orthographic=-127.87,36.41,1083, / http://www.goes.noaa.gov/dml/west/nhem/weus/vis.html, / http://www.goes.noaa.gov/dml/west/nhem/weus/rb.html, / http://www.goes.noaa.gov/dml/west/nhem/weus/ir2.html, / http://www.goes.noaa.gov/dml/west/nhem/weus/wv.html, / http://radar.weather.gov/radar.php?rid=MTX&product=NCR&overlay=11101111&loop=yes, / http://www.spc.noaa.gov/exper/mesoanalysis/new/viewsector.php?sector=12#, / http://weather.uwyo.edu/upperair/sounding.html, / http://www.wunderground.com/wundermap/, / http://www.wetterzentrale.de/pics/MT8_Salt_Lake_City_USA_ens.png, / http://mag.ncep.noaa.gov/model-guidance-model-parameter.php?group=Model%20Guidance&model=GFS&area=NAMER&ps=model, / http://www.atmos.washington.edu/mm5rt/gfsinit.html, / http://www.atmos.washington.edu/mm5rt/extendedgfsinit.html, / http://earth.nullschool.net/#current/wind/surface/level/orthographic=-111.93,41.06,3000, / http://rapidrefresh.noaa.gov/HRRR/Welcome.cgi, / http://weather.utah.edu/, / http://www.nws.noaa.gov/cgi-bin/mos/getall.pl?sta=KSLC, / http://forecast.weather.gov/MapClick.php?lat=40.57203621400049&lon=-111.86055955599971&site=all&smap=1#.Va1SI_lViko, / http://www.wunderground.com/cgi-bin/findweather/getForecast?query=Sandy%2C+UT&MR=1, / http://mesowest.utah.edu/cgi-bin/droman/meso_base.cgi?stn=kogd, / http://weatherbear.com/, / http://www.nws.noaa.gov/cgi-bin/mos/getall.pl?sta=KOGD, / http://forecast.weather.gov/MapClick.php?lat=41.19632880300048&lon=-112.0116066489997&site=all&smap=1#.Vbak5LNViko, / http://www.wunderground.com/cgi-bin/findweather/getForecast?query=KOGD, / BUFKIT",46,15,11,2,2,,baseline,88.2,87.1,92.7,91.9,83.7,82,-1.8,0.1,-1.3,-0.1,-2.3,-2,
8/17/15 10:43,8/17/15 10:56,89,87,84,82,88,85,2,UT11,"http://mesowest.utah.edu/cgi-bin/droman/meso_base.cgi?stn=ut11, / http://mesowest.utah.edu/cgi-bin/droman/meso_base.cgi?stn=qhw, / http://www.wunderground.com/wxradio/smallplayer.html?stationid=snoker|831|268, / http://www.timecam.tv/view_cam.aspx?C=7082ACFM3174&S=hour, / http://155.97.226.135/view/viewer_index.shtml?id=3587, / http://forecast.utah.edu/pointer/real-time/cams.html, / http://www.lightningmaps.org/realtime, / http://www.wunderground.com/hurricane/?&MR=1, / http://air.utah.gov/trendcharts.php?id=slc, / http://www.spc.noaa.gov/, / http://earth.nullschool.net/#current/wind/isobaric/250hPa/orthographic=-127.87,36.41,1083, / http://earth.nullschool.net/#current/wind/isobaric/500hPa/orthographic=-127.87,36.41,1083, / http://earth.nullschool.net/#current/wind/isobaric/700hPa/orthographic=-127.87,36.41,1083, / http://www.goes.noaa.gov/dml/west/nhem/weus/vis.html, / http://www.goes.noaa.gov/dml/west/nhem/weus/rb.html, / http://www.goes.noaa.gov/dml/west/nhem/weus/ir2.html, / http://www.goes.noaa.gov/dml/west/nhem/weus/wv.html, / http://radar.weather.gov/radar.php?rid=MTX&product=NCR&overlay=11101111&loop=yes, / http://www.spc.noaa.gov/exper/mesoanalysis/new/viewsector.php?sector=12#, / http://weather.uwyo.edu/upperair/sounding.html, / http://www.wunderground.com/wundermap/, / http://www.wetterzentrale.de/pics/MT8_Salt_Lake_City_USA_ens.png, / http://mag.ncep.noaa.gov/model-guidance-model-parameter.php?group=Model%20Guidance&model=GFS&area=NAMER&ps=model, / http://www.atmos.washington.edu/mm5rt/gfsinit.html, / http://www.atmos.washington.edu/mm5rt/extendedgfsinit.html, / http://earth.nullschool.net/#current/wind/surface/level/orthographic=-111.93,41.06,3000, / http://rapidrefresh.noaa.gov/HRRR/Welcome.cgi, / http://weather.utah.edu/, / http://www.nws.noaa.gov/cgi-bin/mos/getall.pl?sta=KSLC, / http://forecast.weather.gov/MapClick.php?lat=40.57203621400049&lon=-111.86055955599971&site=all&smap=1#.Va1SI_lViko, / http://www.wunderground.com/cgi-bin/findweather/getForecast?query=Sandy%2C+UT&MR=1, / models.weatherbell.com/ecmwf/2015072212/slc/ecmwf_slp_precip_sls_loop.php, / http://mesowest.utah.edu/cgi-bin/droman/meso_base.cgi?stn=kogd, / http://weatherbear.com/, / http://www.nws.noaa.gov/cgi-bin/mos/getall.pl?sta=KOGD, / http://forecast.weather.gov/MapClick.php?lat=41.19632880300048&lon=-112.0116066489997&site=all&smap=1#.Vbak5LNViko, / http://www.wunderground.com/cgi-bin/findweather/getForecast?query=KOGD, / BUFKIT ",47,16,8,2,2,,baseline,89,88,82.1,81,88,82.9,0,1,-1.9,-1,0,-2.1,
7/20/15 10:01,7/20/15 10:17,83,79,86,83,88,85,1,MTMET,"http://www.nws.noaa.gov/cgi-bin/lamp/getlav.pl?sta=KSLC, http://mesowest.utah.edu/cgi-bin/droman/meso_base.cgi?stn=MTMET&unit=0&timetype=LOCAL, http://www.spc.noaa.gov/exper/soundings/15072012_OBS/, http://www.spc.noaa.gov/exper/mesoanalysis/, http://www.atmos.washington.edu/mm5rt/extendedgfsinit.html, http://www.wrh.noaa.gov/slc/projects/wrf/wrfloop6.php?model=local_ARW4G_WIND_WASFRONT&hour=00",15,10,15,1,2,"The time that I spent on the big picture was closer to 35 minutes, and the normal forecast location was another 20.",baseline,80.7,81,85.6,86,86,84,-2.3,2,-0.4,3,-2,-1, 
7/22/15 9:14,7/22/15 9:28,85,86,88,88,84,85,1,MTMET,"http://www.nws.noaa.gov/cgi-bin/lamp/getlav.pl?sta=KSLC, http://mesowest.utah.edu/cgi-bin/droman/meso_base.cgi?stn=MTMET&unit=0&timetype=LOCAL, http://www.spc.noaa.gov/exper/soundings/15072012_OBS/, http://www.spc.noaa.gov/exper/mesoanalysis/, http://www.atmos.washington.edu/mm5rt/extendedgfsinit.html, http://www.wrh.noaa.gov/slc/projects/wrf/wrfloop6.php?model=local_ARW4G_WIND_WASFRONT&hour=00",15,7,15,2,2,"Total time for big picture 15:35,  additional time for local forecast: 34:05.",baseline,86,84,88,87.1,89.4,88,1,-2,0,-0.9,5.4,3,
7/23/15 10:09,7/23/15 10:16,88,87,89,90,91,91,1,MTMET,"http://www.nws.noaa.gov/cgi-bin/lamp/getlav.pl?sta=KSLC, http://mesowest.utah.edu/cgi-bin/droman/meso_base.cgi?stn=MTMET&unit=0&timetype=LOCAL, http://www.spc.noaa.gov/exper/soundings/15072012_OBS/, http://www.spc.noaa.gov/exper/mesoanalysis/, http://www.atmos.washington.edu/mm5rt/extendedgfsinit.html, http://www.wrh.noaa.gov/slc/projects/wrf/wrfloop6.php?model=local_ARW4G_WIND_WASFRONT&hour=00",15,6,15,1,2,Big picture: 27 minutes / Normal Forecast Location: 33 minutes,baseline,88,87.1,89.4,88,88.4,88,0,0.1,0.4,-2,-2.6,-3,
7/27/15 8:29,7/27/15 9:46,82,83,78,75,88,85,1,MTMET,"http://www.nws.noaa.gov/cgi-bin/lamp/getlav.pl?sta=KSLC, http://mesowest.utah.edu/cgi-bin/droman/meso_base.cgi?stn=MTMET&unit=0&timetype=LOCAL, http://www.spc.noaa.gov/exper/soundings/15072012_OBS/, http://www.spc.noaa.gov/exper/mesoanalysis/, http://www.atmos.washington.edu/mm5rt/extendedgfsinit.html, http://www.wrh.noaa.gov/slc/projects/wrf/wrfloop6.php?model=local_ARW4G_WIND_WASFRONT&hour=00, http://weather-server.sci.utah.edu/plume-test/",40,11,29,2,3,"An unseasonable cold front is moving through today, making me a bit less confident with my forecasts.",plume,81.2,82.9,76.9,75.9,85.7,84,-0.8,-0.1,-1.1,0.9,-2.3,-1,
7/30/15 10:13,7/30/15 10:20,90,91,92,93,93,94,1,MTMET,"http://www.nws.noaa.gov/cgi-bin/lamp/getlav.pl?sta=KSLC, http://mesowest.utah.edu/cgi-bin/droman/meso_base.cgi?stn=MTMET&unit=0&timetype=LOCAL, http://www.spc.noaa.gov/exper/soundings/15072012_OBS/, http://www.spc.noaa.gov/exper/mesoanalysis/, http://www.atmos.washington.edu/mm5rt/extendedgfsinit.html, http://www.wrh.noaa.gov/slc/projects/wrf/wrfloop6.php?model=local_ARW4G_WIND_WASFRONT&hour=00",29,8,21,1,1,"I was not able to use the SREF plumes that you provided for today. The link worked, but the model didn't appear to have run.",plume,91.4,91.9,92.6,93,93.4,93.9,1.4,0.9,0.6,0,0.4,-0.1,
7/31/15 10:22,7/31/15 10:25,92,93,93,93,92,92,1,MTMET,"http://www.nws.noaa.gov/cgi-bin/lamp/getlav.pl?sta=KSLC, http://mesowest.utah.edu/cgi-bin/droman/meso_base.cgi?stn=MTMET&unit=0&timetype=LOCAL, http://www.spc.noaa.gov/exper/soundings/15072012_OBS/, http://www.spc.noaa.gov/exper/mesoanalysis/, http://www.atmos.washington.edu/mm5rt/extendedgfsinit.html, http://www.wrh.noaa.gov/slc/projects/wrf/wrfloop6.php?model=local_ARW4G_WIND_WASFRONT&hour=00, http://weather-server.sci.utah.edu/plume-test/",41,9,33,2,2,Only somewhat confident for KOGD because of huge uncertainty on Sunday between models.,plume,92.6,93,93.4,93.9,90.5,91.9,0.6,0,0.4,0.9,-1.5,-0.1,
8/3/15 8:50,8/3/15 10:23,72,69,89,88,91,90,1,MTMET,"http://www.nws.noaa.gov/cgi-bin/lamp/getlav.pl?sta=KSLC, http://mesowest.utah.edu/cgi-bin/droman/meso_base.cgi?stn=MTMET&unit=0&timetype=LOCAL, http://www.spc.noaa.gov/exper/soundings/15072012_OBS/, http://www.spc.noaa.gov/exper/mesoanalysis/, http://www.atmos.washington.edu/mm5rt/extendedgfsinit.html, http://www.wrh.noaa.gov/slc/projects/wrf/wrfloop6.php?model=local_ARW4G_WIND_WASFRONT&hour=00, http://weather-server.sci.utah.edu/mean+spread/",54,16,35,2,2,,SD,72.2,75.9,91.4,88,85.9,87.1,0.2,6.9,2.4,0,-5.1,-2.9,
8/6/15 8:38,8/6/15 9:21,88,86,80,78,76,75,1,MTMET,"http://www.nws.noaa.gov/cgi-bin/lamp/getlav.pl?sta=KSLC, http://mesowest.utah.edu/cgi-bin/droman/meso_base.cgi?stn=MTMET&unit=0&timetype=LOCAL, http://www.spc.noaa.gov/exper/soundings/15072012_OBS/, http://www.spc.noaa.gov/exper/mesoanalysis/, http://www.atmos.washington.edu/mm5rt/extendedgfsinit.html, http://www.wrh.noaa.gov/slc/projects/wrf/wrfloop6.php?model=local_ARW4G_WIND_WASFRONT&hour=00, http://weather-server.sci.utah.edu/mean+spread/",30,8,31,3,4,Lower confidence due to rain expected on Friday and Saturday.,SD,87.1,86,81.6,80.1,77.3,77,-0.9,0,1.6,2.1,1.3,2,
8/7/15 7:45,8/7/15 8:41,78,77,75,74,85,85,1,MTMET,"http://www.nws.noaa.gov/cgi-bin/lamp/getlav.pl?sta=KSLC, http://mesowest.utah.edu/cgi-bin/droman/meso_base.cgi?stn=MTMET&unit=0&timetype=LOCAL, http://www.spc.noaa.gov/exper/soundings/15072012_OBS/, http://www.spc.noaa.gov/exper/mesoanalysis/, http://www.atmos.washington.edu/mm5rt/extendedgfsinit.html, http://www.wrh.noaa.gov/slc/projects/wrf/wrfloop6.php?model=local_ARW4G_WIND_WASFRONT&hour=00, http://weather-server.sci.utah.edu/mean+spread/",59,7,24,2,3,Lower confidence due to rain.,SD,81.6,80.1,77.3,77,86.5,84.9,3.6,3.1,2.3,3,1.5,-0.1,
8/10/15 8:16,8/10/15 10:30,91,88,89,88,86,85,1,MTMET,"http://www.nws.noaa.gov/cgi-bin/lamp/getlav.pl?sta=KSLC, http://mesowest.utah.edu/cgi-bin/droman/meso_base.cgi?stn=MTMET&unit=0&timetype=LOCAL, http://www.spc.noaa.gov/exper/soundings/15072012_OBS/, http://www.spc.noaa.gov/exper/mesoanalysis/, http://www.atmos.washington.edu/mm5rt/extendedgfsinit.html, http://www.wrh.noaa.gov/slc/projects/wrf/wrfloop6.php?model=local_ARW4G_WIND_WASFRONT&hour=00, ",66,6,46,2,2,,spaghetti,92.6,91,92.3,93,88.8,88,1.6,3,3.3,5,2.8,3,
8/13/15 9:28,8/13/15 9:33,91,90,93,92,92,90,1,MTMET,"http://www.nws.noaa.gov/cgi-bin/lamp/getlav.pl?sta=KSLC, http://mesowest.utah.edu/cgi-bin/droman/meso_base.cgi?stn=MTMET&unit=0&timetype=LOCAL, http://www.spc.noaa.gov/exper/soundings/15072012_OBS/, http://www.spc.noaa.gov/exper/mesoanalysis/, http://www.atmos.washington.edu/mm5rt/extendedgfsinit.html, http://www.wrh.noaa.gov/slc/projects/wrf/wrfloop6.php?model=local_ARW4G_WIND_WASFRONT&hour=00, ",50,8,12,1,1,,spaghetti,93.7,91.9,95.2,96.1,90.8,91,2.7,1.9,2.2,4.1,-1.2,1,
8/14/15 9:13,8/14/15 9:44,95,92,93,90,92,88,1,MTMET,"http://www.nws.noaa.gov/cgi-bin/lamp/getlav.pl?sta=KSLC, http://mesowest.utah.edu/cgi-bin/droman/meso_base.cgi?stn=MTMET&unit=0&timetype=LOCAL, http://www.spc.noaa.gov/exper/soundings/15072012_OBS/, http://www.spc.noaa.gov/exper/mesoanalysis/, http://www.atmos.washington.edu/mm5rt/extendedgfsinit.html, http://www.wrh.noaa.gov/slc/projects/wrf/wrfloop6.php?model=local_ARW4G_WIND_WASFRONT&hour=00, ",43,7,37,1,1,,spaghetti,95.2,96.1,90.8,91,87.7,88,0.2,4.1,-2.2,1,-4.3,0,
8/17/15 8:48,8/17/15 8:51,87,87,81,82,84,84,1,MTMET,"http://www.nws.noaa.gov/cgi-bin/lamp/getlav.pl?sta=KSLC, http://mesowest.utah.edu/cgi-bin/droman/meso_base.cgi?stn=MTMET&unit=0&timetype=LOCAL, http://www.spc.noaa.gov/exper/soundings/15072012_OBS/, http://www.spc.noaa.gov/exper/mesoanalysis/, http://www.atmos.washington.edu/mm5rt/extendedgfsinit.html, http://www.wrh.noaa.gov/slc/projects/wrf/wrfloop6.php?model=local_ARW4G_WIND_WASFRONT&hour=00, ",35,5,26,1,1,,baseline,88.2,88,80.5,81,84.2,82.9,1.2,1,-0.5,-1,0.2,-1.1,
8/20/15 11:21,8/20/15 11:23,87,86,90,90,82,81,1,MTMET,"http://www.nws.noaa.gov/cgi-bin/lamp/getlav.pl?sta=KSLC, http://mesowest.utah.edu/cgi-bin/droman/meso_base.cgi?stn=MTMET&unit=0&timetype=LOCAL, http://www.spc.noaa.gov/exper/soundings/15072012_OBS/, http://www.spc.noaa.gov/exper/mesoanalysis/, http://www.atmos.washington.edu/mm5rt/extendedgfsinit.html, http://www.wrh.noaa.gov/slc/projects/wrf/wrfloop6.php?model=local_ARW4G_WIND_WASFRONT&hour=00, ",31,3,33,1,1,,baseline,87.3,87.1,92.1,91.9,83.8,82,0.3,1.1,2.1,1.9,1.8,1,
8/21/15 9:21,8/21/15 9:22,91,92,82,82,88,89,1,MTMET,"http://www.nws.noaa.gov/cgi-bin/lamp/getlav.pl?sta=KSLC, http://mesowest.utah.edu/cgi-bin/droman/meso_base.cgi?stn=MTMET&unit=0&timetype=LOCAL, http://www.spc.noaa.gov/exper/soundings/15072012_OBS/, http://www.spc.noaa.gov/exper/mesoanalysis/, http://www.atmos.washington.edu/mm5rt/extendedgfsinit.html, http://www.wrh.noaa.gov/slc/projects/wrf/wrfloop6.php?model=local_ARW4G_WIND_WASFRONT&hour=00, ",37,5,21,1,1,,baseline,92.1,91.9,83.8,82,90.4,89.1,1.1,-0.1,1.8,0,2.4,0.1,
7/27/15 14:27,7/27/15 14:33,81,83,77,77,83,84,4,KU42,"http://www.nws.noaa.gov/cgi-bin/mos/getall.pl?sta=KOGD, https://www.google.com/webhp?sourceid=chrome-instant&ion=1&espv=2&ie=UTF-8#q=celsius%20to%20fahrenheit, http://mag.ncep.noaa.gov/Imageanis.php, http://www.wetterzentrale.de/pics/MT8_Salt_Lake_City_USA_ens.png, http://weather.utah.edu/index.php?runcode=2015072712&t=nam218&d=ET&r=KSLC, http://www.atmos.washington.edu/mm5rt/extendedgfsinit.html, http://forecast.weather.gov/MapClick.php?lat=40.76060713890945&lon=-111.89735800426774&site=all&smap=1#.VbaL8WRVhHw, http://mesowest.utah.edu/cgi-bin/droman/meso_base_dyn.cgi?stn=KOGD&unit=0&timetype=LOCAL, http://mesowest.utah.edu/cgi-bin/droman/mesomap.cgi?state=UT&rawsflag=3",17,6,26,1,2,,plume,80.6,82.9,75.2,75.9,84.2,84,-0.4,-0.1,-1.8,-1.1,1.2,0,
7/20/15 14:03,7/20/15 14:12,81,82,84,84,87,87,4,KU42,"http://www.wunderground.com/weather-radar/united-states/ut/salt-lake-city/mtx/, http://forecast.weather.gov/MapClick.php?lat=40.76060713890945&lon=-111.89735800426774&site=all&smap=1#.Va1JPipVhBc, http://mesowest.utah.edu/cgi-bin/droman/mesomap.cgi?state=UT&rawsflag=3, http://mesowest.utah.edu/cgi-bin/droman/meso_base_dyn.cgi?stn=KOGD&unit=0&timetype=LOCAL, http://www.atmos.washington.edu/~ovens/wxloop.cgi?mm5d2_x_850t+///3, http://www.atmos.washington.edu/mm5rt/extendedgfsinit.html, http://www.nws.noaa.gov/cgi-bin/mos/getall.pl?sta=KOGD, http://weather.utah.edu/index.php?runcode=2015072012&t=nam218&d=ET&r=KSLC, http://weather.utah.edu/index.php?t=gfssflux&r=IM&d=SF, http://mag.ncep.noaa.gov/Imageanis.php, https://www.google.com/webhp?sourceid=chrome-instant&ion=1&espv=2&ie=UTF-8#q=celsius%20to%20fahrenheit, http://air.utah.gov/forecast.php?id=slc",12,5,12,1,2,,baseline,78.8,81,84.2,86,84.2,84,-2.2,-1,0.2,2,-2.8,-3,
7/22/15 17:47,7/22/15 18:29,84,85,87,86,86,85,4,KU42,"http://www.nws.noaa.gov/cgi-bin/mos/getmex.pl?sta=KOGD, http://www.spc.noaa.gov/exper/sref/fplumes/index2.php?YMD=20150722&RT=15&PRM=Total-QPF&SID=SLC&INC=ALL&NNC=&max=&min=&mZOOM=4&mLAT=37.77478874678&mLON=-96.042896875&mTYP=roadmap, http://mesowest.utah.edu/cgi-bin/droman/mesomap.cgi?state=UT&rawsflag=3, https://www.google.com/webhp?sourceid=chrome-instant&ion=1&espv=2&ie=UTF-8#q=celsius%20to%20fahrenheit, http://mag.ncep.noaa.gov/Imageanis.php, http://mag.ncep.noaa.gov/Imageanis.php, http://mesowest.utah.edu/cgi-bin/droman/mesomap.cgi?state=UT&rawsflag=3, http://weather.utah.edu/index.php?runcode=2015072218&t=nam218&d=ET&r=KSLC, http://forecast.weather.gov/MapClick.php?lat=40.76060713890945&lon=-111.89735800426774&site=all&smap=1#.VbArVPlVgSUhttp://www.atmos.washington.edu/~ovens/wxloop.cgi?mm5d2_x_850t+///3, ",15,10,15,1,2,Took slightly longer than 15 minutes to look at big picture and local forecasts,baseline,84.2,84,87.8,87.1,91.4,88,0.2,-1,0.8,1.1,5.4,3,
7/23/15 18:43,7/23/15 21:49,88,87,89,89,89,90,4,KU42,"https://www.google.com/#safe=off&q=celsius+to+fahrenheit, http://mag.ncep.noaa.gov/Imageanis.php, http://mag.ncep.noaa.gov/model-guidance-model-parameter.php?group=Model%20Guidance&model=HRRR&area=WEST-US&ps=model#, http://weather.utah.edu/index.php?runcode=2015072318&t=nam218&d=ET&r=KSLC, http://www.atmos.washington.edu/mm5rt/extendedgfsinit.html, http://mesowest.utah.edu/cgi-bin/droman/mesomap.cgi?state=UT&rawsflag=3, http://forecast.weather.gov/MapClick.php?lat=40.76060713890945&lon=-111.89735800426774&site=all&smap=1#.VbGJrbNVgSU, http://www.nws.noaa.gov/cgi-bin/mos/getmex.pl?sta=KOGD",15,4,15,1,2,,baseline,87.8,87.1,91.4,88,89.6,88,-0.2,0.1,2.4,-1,0.6,-2,
7/30/15 11:57,7/30/15 12:15,89,89,92,93,93,93,4,KU42,"http://mesowest.utah.edu/cgi-bin/droman/mesomap.cgi?state=UT&rawsflag=3, http://mesowest.utah.edu/cgi-bin/droman/meso_base_dyn.cgi?stn=KU42&unit=0&timetype=LOCAL, http://155.97.226.135/view/viewer_index.shtml?id=1709, http://forecast.weather.gov/MapClick.php?lat=40.76060713890945&lon=-111.89735800426774&site=all&smap=1#.Vbph42RVhHw, http://www.atmos.washington.edu/mm5rt/extendedgfsinit.html,  http://mag.ncep.noaa.gov/Imageanis.php, http://www.wetterzentrale.de/pics/MT8_Salt_Lake_City_USA_ens.png, http://weather-server.sci.utah.edu/plume-test/, https://www.google.com/webhp?sourceid=chrome-instant&ion=1&espv=2&ie=UTF-8#q=celsius%20to%20fahrenheit, http://www.nws.noaa.gov/cgi-bin/mos/getall.pl?sta=KOGD, http://mesowest.utah.edu/cgi-bin/droman/mesomap.cgi?state=UT&rawsflag=3, http://mesowest.utah.edu/cgi-bin/droman/meso_base_dyn.cgi?stn=KOGD&unit=0&timetype=LOCAL, http://forecast.weather.gov/MapClick.php?lat=41.22299793600047&lon=-111.97382800199966&site=all&smap=1#.Vbpoj2RVhHw",14,4,36,1,2,,plume,89.6,91.9,91.4,93,93.2,93.9,0.6,2.9,-0.6,0,0.2,0.9,
7/31/15 13:53,7/31/15 14:29,92,93,93,95,90,92,4,KU42,"http://air.utah.gov/currentconditions.php?id=slc, http://mesowest.utah.edu/cgi-bin/droman/meso_base_dyn.cgi?stn=KOGD&unit=0&timetype=LOCAL, http://mesowest.utah.edu/cgi-bin/droman/mesomap.cgi?state=UT&rawsflag=3, http://mp1.met.psu.edu/~fxg1/ewallmref.html, http://meteocentre.com/models/models.php?mod=gemglb&map=na&run=00&lang=en, http://www.wetterzentrale.de/pics/MT8_Salt_Lake_City_USA_ens.png, http://mag.ncep.noaa.gov/Imageanis.php, http://weather.utah.edu/index.php?runcode=2015073112&t=nam218&d=ET&r=KSLC, http://www.atmos.washington.edu/mm5rt/extendedgfsinit.html, http://forecast.weather.gov/MapClick.php?lat=40.76060713890945&lon=-111.89735800426774&site=all&smap=1#.VbvO62RVhHw, http://155.97.226.135/view/viewer_index.shtml?id=1730, http://mesowest.utah.edu/cgi-bin/droman/meso_base_dyn.cgi?stn=KU42&unit=0&timetype=LOCAL, http://mesowest.utah.edu/cgi-bin/droman/mesomap.cgi?state=UT&rawsflag=3",15,6,43,1,2,,plume,91.4,93,93.2,93.9,91.4,91.9,-0.6,0,0.2,-1.1,1.4,-0.1,
8/3/15 13:39,8/3/15 14:12,72,76,90,90,87,88,4,KU42,"http://www.timecam.tv/view_cam.aspx?C=7082ACFM3174&S=week, http://www.wetterzentrale.de/pics/MT8_Salt_Lake_City_USA_ens.png, http://forecast.weather.gov/MapClick.php?lat=40.76060713890945&lon=-111.89735800426774&site=all&smap=1#.Vb-83DBVhHw, http://mesowest.utah.edu/cgi-bin/droman/mesomap.cgi?state=UT&rawsflag=3, http://mesowest.utah.edu/cgi-bin/droman/meso_base_dyn.cgi?stn=KU42&unit=0&timetype=LOCAL, http://www.nws.noaa.gov/cgi-bin/mos/getall.pl?sta=KSLC, http://mesowest.utah.edu/cgi-bin/droman/meso_base.cgi?stn=KOGD&unit=0&timetype=LOCAL, http://mesowest.utah.edu/cgi-bin/droman/meso_base.cgi?stn=KOGD&unit=0&timetype=LOCAL, http://www.nws.noaa.gov/cgi-bin/mos/getall.pl?sta=KOGD, http://mag.ncep.noaa.gov/Imageanis.php, https://www.google.com/webhp?sourceid=chrome-instant&ion=1&espv=2&ie=UTF-8#q=celsius%20to%20fahrenheit, http://www.wunderground.com/weather-radar/united-states/ut/salt-lake-city/mtx/",21,8,46,1,2,,SD,71.6,75.9,89.6,88,89.6,87.1,-0.4,-0.1,-0.4,-2,2.6,-0.9,
8/6/15 14:08,8/6/15 14:12,87,88,78,80,80,77,4,KU42,"http://mesowest.utah.edu/cgi-bin/droman/mesomap.cgi?state=UT&rawsflag=3, http://weather-server.sci.utah.edu/mean+spread/, http://air.utah.gov/forecast.php?id=slc, http://mesowest.utah.edu/cgi-bin/droman/mesomap.cgi?state=UT&rawsflag=3, http://www.wetterzentrale.de/pics/MT8_Salt_Lake_City_USA_ens.png, http://mag.ncep.noaa.gov/Imageanis.php, http://weather.utah.edu/index.php?t=hrrr&r=IM&d=RA, http://mag.ncep.noaa.gov/Imageanis.php, http://weather.utah.edu/index.php?runcode=2015080612&t=nam218&d=ET&r=KSLC, http://www.wunderground.com/radar/radblast.asp?zoommode=pan&prevzoom=zoom&num=6&frame=0&delay=15&scale=1.000&noclutter=0&ID=MTX&type=N0R&showstorms=0&lat=40.76359940&lon=-111.84179688&label=Salt%20Lake%20City,%20UT&map.x=400&map.y=240&scale=1.000&centerx=400&centery=240&showlabels=1&rainsnow=0&lightning=0&lerror=20&num_stns_min=2&num_stns_max=9999&avg_off=9999&smooth=0, https://www.google.com/search?client=safari&rls=en&q=c+to+f&ie=UTF-8&oe=UTF-8, http://forecast.weather.gov/MapClick.php?lat=40.756354190094896&lon=-111.90051862933058&site=all&smap=1#.VcO1qTBVhHw, http://www.atmos.washington.edu/mm5rt/extendedgfsinit.html,  http://forecast.weather.gov/showsigwx.php?warnzone=UTZ003&warncounty=UTC035&firewxzone=UTZ478&local_place1=Salt%20Lake%20City%20UT&product1=Hazardous+Weather+Outlook&lat=40.7564&lon=-111.9005#.VcOzvjBVhHw, http://mesowest.utah.edu/cgi-bin/droman/meso_base_dyn.cgi?stn=KU42&unit=0&timetype=LOCAL",21,5,44,1,2,,SD,87.8,86,80.6,80.1,75.2,77,0.8,-2,2.6,0.1,-4.8,0,
8/7/15 14:42,8/7/15 14:48,75,78,81,79,84,85,4,KU42,"http://weather-server.sci.utah.edu/mean+spread/, http://www.nws.noaa.gov/cgi-bin/mos/getall.pl?sta=KOGD, http://air.utah.gov/forecast.php?id=slc#unrestricted, http://mesowest.utah.edu/cgi-bin/droman/meso_base_dyn.cgi?stn=KOGD&unit=0&timetype=LOCAL, http://mesowest.utah.edu/cgi-bin/droman/mesomap.cgi?state=UT&rawsflag=3, http://www.wetterzentrale.de/pics/MT8_Salt_Lake_City_USA_ens.png, http://mag.ncep.noaa.gov/Imageanis.php, https://www.google.com/search?client=safari&rls=en&q=c+to+f&ie=UTF-8&oe=UTF-8, http://weather.utah.edu/index.php?runcode=2015080712&t=nam218&d=ET&r=KSLC, http://www.atmos.washington.edu/mm5rt/extendedgfsinit.html, http://mesowest.utah.edu/cgi-bin/droman/meso_base_dyn.cgi?stn=KU42&unit=0&timetype=LOCAL, http://mesowest.utah.edu/cgi-bin/droman/mesomap.cgi?state=UT&rawsflag=3, http://forecast.weather.gov/MapClick.php?lat=40.756354190094896&lon=-111.90051862933058&site=all&smap=1#.VcUKqDBVhHw, http://www.wunderground.com/radar/radblast.asp?zoommode=pan&prevzoom=zoom&num=6&frame=0&delay=15&scale=1.000&noclutter=0&ID=MTX&type=N0R&showstorms=0&lat=40.76359940&lon=-111.84179688&label=Salt%20Lake%20City,%20UT&map.x=400&map.y=240&scale=1.000&centerx=400&centery=240&showlabels=1&rainsnow=0&lightning=0&lerror=20&num_stns_min=2&num_stns_max=9999&avg_off=9999&smooth=0, http://www.simuawips.com/console/",20,5,43,1,2,,SD,80.6,80.1,75.2,77,64.4,84.9,5.6,2.1,-5.8,-2,-19.6,-0.1,
8/10/15 14:01,8/10/15 14:29,92,90,85,86,84,84,4,KU42,"http://mesowest.utah.edu/cgi-bin/droman/mesomap.cgi?state=UT&rawsflag=3, http://mesowest.utah.edu/cgi-bin/droman/meso_base_dyn.cgi?stn=KOGD&unit=0&timetype=LOCAL, http://forecast.weather.gov/MapClick.php?lat=40.756354190094896&lon=-111.90051862933058&site=all&smap=1#.VckBHp1VhHw, http://www.atmos.washington.edu/mm5rt/extendedgfsinit.html, http://www.spc.noaa.gov/exper/soundings/15081012_OBS/, https://www.google.com/webhp?sourceid=chrome-instant&ion=1&espv=2&ie=UTF-8#q=celsius%20to%20fahrenheit, http://weather-server.sci.utah.edu/spaghetti/700mbTMP/8/, http://weather.utah.edu/index.php?runcode=2015081012&t=nam218&d=ET&r=KSLC, http://www.wetterzentrale.de/pics/MT8_Salt_Lake_City_USA_ens.png, http://weather.utah.edu/index.php?t=hrrr&r=IM&d=RA, http://mag.ncep.noaa.gov/model-guidance-model-parameter.php?group=Model%20Guidance&model=nam&area=namer&cycle=20150810%2018%20UTC&param=10m_wnd_precip&fourpan=no&imageSize=M&ps=model#, http://www.nws.noaa.gov/cgi-bin/mos/getall.pl?sta=KOGD, http://mag.ncep.noaa.gov/Imageanis.php",26,7,41,1,2,,spaghetti,93.2,91,93.2,93,87.8,88,1.2,1,8.2,7,3.8,4,
8/13/15 13:32,8/13/15 13:37,91,91,94,95,90,90,4,KU42,"http://mesowest.utah.edu/cgi-bin/droman/meso_base.cgi?stn=KOGD&unit=0&timetype=LOCAL, http://mesowest.utah.edu/cgi-bin/droman/mesomap.cgi?state=UT&rawsflag=3, http://mesowest.utah.edu/cgi-bin/droman/meso_base_dyn.cgi?stn=KU42&unit=0&timetype=LOCAL, http://www.atmos.washington.edu/mm5rt/extendedgfsinit.html, http://forecast.weather.gov/MapClick.php?lat=40.756354190094896&lon=-111.90051862933058&site=all&smap=1#.VczrhJ1VhBc, http://weather.utah.edu/index.php?runcode=2015081312&t=nam218&d=ET&r=KSLC, http://www.wetterzentrale.de/pics/MT8_Salt_Lake_City_USA_ens.png, http://mag.ncep.noaa.gov/Imageanis.php, http://mag.ncep.noaa.gov/Imageanis.php, http://mag.ncep.noaa.gov/Imageanis.php, https://www.google.com/webhp?sourceid=chrome-instant&ion=1&espv=2&ie=UTF-8#q=celsius%20to%20fahrenheit, http://weather-server.sci.utah.edu/spaghetti/700mbTMP/16/, http://www.nws.noaa.gov/cgi-bin/mos/getall.pl?sta=KOGD",17,7,38,1,2,,spaghetti,93.2,91.9,96.8,96.1,89.6,91,2.2,0.9,2.8,1.1,-0.4,1,
8/14/15 14:22,8/14/15 14:31,96,95,90,91,87,87,4,KU42,"http://weather-server.sci.utah.edu/spaghetti/700mbTMP/10/, http://air.utah.gov/forecast.php?id=slc, https://www.google.com/webhp?sourceid=chrome-instant&ion=1&espv=2&ie=UTF-8#q=celsius%20to%20fahrenheit, http://mag.ncep.noaa.gov/Imageanis.php, http://weather.utah.edu/index.php?runcode=2015081412&t=nam218&d=ET&r=KSLC, http://mag.ncep.noaa.gov/Imageanis.php, http://mag.ncep.noaa.gov/model-guidance-model-parameter.php?group=Model%20Guidance&model=NAM&area=NAMER&ps=area, http://www.wetterzentrale.de/pics/MT8_Salt_Lake_City_USA_ens.png, http://forecast.weather.gov/MapClick.php?lat=40.756354190094896&lon=-111.90051862933058&site=all&smap=1#.Vc5GDJ1VhHw, http://www.atmos.washington.edu/mm5rt/extendedgfsinit.html, http://mesowest.utah.edu/cgi-bin/droman/meso_base_dyn.cgi?stn=KU42&unit=0&timetype=LOCAL, http://mesowest.utah.edu/cgi-bin/droman/mesomap.cgi?state=UT&rawsflag=3, http://www.nws.noaa.gov/cgi-bin/mos/getall.pl?sta=KOGD",23,5,37,1,2,,spaghetti,96.8,96.1,89.6,91,87.8,88,0.8,1.1,-0.4,0,0.8,1,
8/17/15 14:41,8/17/15 14:49,88,87,81,82,82,81,4,KU42,"http://www.simuawips.com/console/, https://gate.acs.utah.edu/psp/plpr/EMPLOYEE/EMPL/?cmd=expire, http://forecast.weather.gov/MapClick.php?lat=40.756354190094896&lon=-111.90051862933058&site=all&smap=1#.VdJA3CxVhHw, http://mesowest.utah.edu/cgi-bin/droman/mesomap.cgi?state=UT&rawsflag=3, http://mesowest.utah.edu/cgi-bin/droman/meso_base_dyn.cgi?stn=KOGD&unit=0&timetype=LOCAL,  http://www.atmos.washington.edu/mm5rt/extendedgfsinit.html, http://weather.utah.edu/index.php?runcode=2015081712&t=nam218&d=ET&r=KSLC, http://www.wetterzentrale.de/pics/MT8_Salt_Lake_City_USA_ens.png, http://mag.ncep.noaa.gov/model-guidance-model-parameter.php?group=Model%20Guidance&model=gfs&area=namer&cycle=20150817%2012%20UTC&param=10m_wnd_precip&fourpan=no&imageSize=M&ps=model, https://www.google.com/webhp?sourceid=chrome-instant&ion=1&espv=2&ie=UTF-8#q=celsius%20to%20fahrenheit",22,6,47,1,2,,baseline,86,88,,81,,82.9,-2,1,,-1,,1.9,
8/20/15 21:10,8/20/15 21:13,88,87,91,91,83,82,4,KU42,"http://mesowest.utah.edu/cgi-bin/droman/mesomap.cgi?state=UT&rawsflag=3, http://forecast.weather.gov/MapClick.php?lat=40.756354190094896&lon=-111.90051862933058&site=all&smap=1#.VdaRZrJVgSU, http://www.atmos.washington.edu/mm5rt/extendedgfsinit.html, http://weather.utah.edu/index.php?runcode=2015082012&t=nam218&d=ET&r=KSLC, http://mag.ncep.noaa.gov/model-guidance-model-parameter.php?group=Model%20Guidance&model=gfs&area=namer&cycle=20150820%2018%20UTC&param=10m_wnd_precip&fourpan=no&imageSize=M&ps=area, http://mesowest.utah.edu/cgi-bin/droman/mesomap.cgi?state=UT&rawsflag=3, https://www.google.com/webhp?sourceid=chrome-instant&ion=1&espv=2&ie=UTF-8#q=celsius%20to%20fahrenheit, http://www.airquality.utah.gov/",28,5,36,1,2,,baseline,,87.1,,91.9,,82,,0.1,,0.9,,0,